Wort;mentions_word;Bereich;SearchCluster;Notes;Region
europ;71220;Außenpolitik;Außenbeziehung;EU-Angelegenheiten;
wirtschaft;45357;Innenpolitik;;;
europa;32761;Außenpolitik;Außenbeziehung;EU-Angelegenheiten;
haushalt;24676;Innenpolitik;;;
famili;22995;Innenpolitik;;;
einsatz;16518;Außenpolitik;Sicherheit;;
nachhalt;16353;Außenpolitik;Umwelt/Natur/Klima;;
volk;16111;Innenpolitik;;;
zusammenarbeit;15840;Sonst.;;;
soldat;14783;Außenpolitik;Sicherheit;;
bundeswehr;14727;Außenpolitik;Sicherheit;;
jugend;14140;Innenpolitik;;;
milit;13872;Außenpolitik;Sicherheit;;
grundgesetz;13514;Innenpolitik;;;
energi;13338;Außenpolitik;Umwelt/Natur/Klima;Energie;
wissenschaft;12618;Innenpolitik;;;
demokrati;12291;Sonst.;;;
menschenrecht;12245;Sonst.;;;
landwirtschaft;12017;Innenpolitik;Landwirtschaft;;
investition;11816;Innenpolitik;;;
chtling;11727;Außenpolitik;Migration;;
demokrat;11583;Sonst.;;;
afghanistan;11274;Außenpolitik;Außenbeziehung;Land/Region;Afghanistan
rent;11064;Innenpolitik;;;
arbeitspl;11016;Innenpolitik;;;
arbeitnehm;10983;Innenpolitik;;;
ausbild;10851;Innenpolitik;;;
schul;10843;Innenpolitik;;;
bank;10781;Innenpolitik;Finanzkrise;;
freiheit;10202;Sonst.;;;
russland;9081;Außenpolitik;Außenbeziehung;Land/Region;Russland
digital;9065;Innenpolitik;;;
erneuerbar;9059;Außenpolitik;Umwelt/Natur/Klima;Energie;
arbeitsmarkt;8827;Innenpolitik;Finanzkrise;;
krieg;8751;Außenpolitik;Sicherheit;;
arbeitslos;8693;Innenpolitik;;;
infrastruktur;8260;Innenpolitik;;;
klimaschutz;8177;Außenpolitik;Umwelt/Natur/Klima;;
technologi;8013;Innenpolitik;;;
mindestlohn;7818;Innenpolitik;;;
umwelt;7810;Außenpolitik;Umwelt/Natur/Klima;;
humanit;7771;Sonst.;;;
transparenz;7697;Sonst.;;;
markt;7696;Innenpolitik;;;
einkomm;7595;Innenpolitik;;;
verkehr;7540;Innenpolitik;;;
mitgliedstaat;7390;Außenpolitik;Außenbeziehung;EU-Angelegenheiten;
griechenland;7188;Außenpolitik;Außenbeziehung;Land/Region;Griechenland
kultur;7165;Innenpolitik;;;
rkei;6896;Außenpolitik;Außenbeziehung;Land/Region;Türkei
verbraucherschutz;6801;Innenpolitik;;;
integration;6783;Außenpolitik;Migration;;
arbeitgeb;6715;Innenpolitik;;;
investi;6704;Innenpolitik;;;
ausland;6460;Außenpolitik;Außenbeziehung;;
soldatinn;6338;Außenpolitik;Sicherheit;;
fachkr;6072;Innenpolitik;;;
polizei;6048;Innenpolitik;Sicherheit;;
syri;5828;Außenpolitik;Außenbeziehung;Land/Region;Syrien
internet;5702;Innenpolitik;;;
teilhab;5690;Innenpolitik;;;
armut;5660;Innenpolitik;;;
solidarit;5571;Innenpolitik;;;
bahn;5410;Innenpolitik;;;
china;5387;Außenpolitik;Außenbeziehung;Land/Region;China
frankreich;5361;Außenpolitik;Außenbeziehung;Land/Region;Frankreich
miet;5357;Innenpolitik;;;
industri;5355;Innenpolitik;;;
naturschutz;5206;Außenpolitik;Umwelt/Natur/Klima;;
energiew;5156;Außenpolitik;Umwelt/Natur/Klima;Energie;
digitalisier;5149;Innenpolitik;;;
netz;5143;Innenpolitik;;;
nato;5099;Außenpolitik;Sicherheit;;
waff;5034;Außenpolitik;Sicherheit;;
steuerzahl;4824;Innenpolitik;;;
bundeshaushalt;4816;Innenpolitik;;;
gewerkschaft;4804;Innenpolitik;;;
afrika;4769;Außenpolitik;Außenbeziehung;Land/Region;Afrika
wohnung;4637;Innenpolitik;;;
europas;4561;Außenpolitik;Außenbeziehung;EU-Angelegenheiten;
israel;4559;Außenpolitik;Außenbeziehung;Land/Region;Israel
rentenversicher;4346;Innenpolitik;;;
iran;4342;Außenpolitik;Außenbeziehung;Land/Region;Iran
marktwirtschaft;4275;Innenpolitik;;;
mobilit;4234;Innenpolitik;;;
arbeitnehmerinn;4195;Innenpolitik;;;
mittelstand;4191;Innenpolitik;;;
amerikan;4095;Außenpolitik;Außenbeziehung;Land/Region;Amerika
zivilgesellschaft;4078;Sonst.;;;
sanktion;4050;Außenpolitik;Außenbeziehung;;
grundrecht;4006;Innenpolitik;;;
krankenversicher;3985;Innenpolitik;;;
verbraucherinn;3967;Innenpolitik;;;
handwerk;3905;Innenpolitik;;;
sicherheitspolit;3897;Außenpolitik;Sicherheit;;
wandel;3861;Sonst.;;;
krankenkass;3806;Innenpolitik;;;
entwicklungszusammenarbeit;3789;Außenpolitik;Außenbeziehung;;
irak;3732;Außenpolitik;Außenbeziehung;Land/Region;Irak
eu-kommission;3605;Außenpolitik;Außenbeziehung;EU-Angelegenheiten;
klimawandel;3524;Außenpolitik;Umwelt/Natur/Klima;;
entwicklungspolit;3478;Außenpolitik;Außenbeziehung;;
afghan;3469;Außenpolitik;Außenbeziehung;Land/Region;Afghanistan
ukrain;3448;Außenpolitik;Außenbeziehung;Land/Region;Ukraine
lkerrecht;3402;Sonst.;;;
datenschutz;3393;Innenpolitik;;;
landwirt;3334;Innenpolitik;Landwirtschaft;;
strom;3314;Außenpolitik;Umwelt/Natur/Klima;Energie;
reaktorsich;3307;Außenpolitik;Umwelt/Natur/Klima;Energie;
diskriminier;3299;Sonst.;;;
britanni;3216;Außenpolitik;Außenbeziehung;Land/Region;UK
terrorist;3194;Außenpolitik;Sicherheit;;
streitkr;3164;Außenpolitik;Sicherheit;;
behindert;3149;Sonst.;;;
etat;3148;Innenpolitik;;;
volkswirtschaft;3060;Innenpolitik;;;
pandemi;3057;Außenpolitik;Corona;;
kosovo;3054;Außenpolitik;Außenbeziehung;Land/Region;Kosovo
terrorismus;3008;Außenpolitik;Sicherheit;;
rkisch;2955;Außenpolitik;Außenbeziehung;Land/Region;Türkei
tourismus;2949;Innenpolitik;;;
wirtschaftspolit;2935;Innenpolitik;;;
langzeitarbeitslos;2934;Innenpolitik;;;
russisch;2931;Außenpolitik;Außenbeziehung;Land/Region;Russland
afrikan;2924;Außenpolitik;Außenbeziehung;Land/Region;Afrika
elterngeld;2864;Innenpolitik;;;
hartz;2863;Innenpolitik;;;
gentechn;2745;Innenpolitik;Landwirtschaft;;
alleinerzieh;2740;Innenpolitik;;;
wohn;2734;Innenpolitik;;;
schweiz;2718;Außenpolitik;Außenbeziehung;Land/Region;
mali;2703;Außenpolitik;Außenbeziehung;Land/Region;Mali
barrierefrei;2689;Sonst.;;;
heimat;2610;Sonst.;;;
goldmann;2599;Außenpolitik;Finanzkrise;;
migration;2570;Außenpolitik;Migration;;
bildungspolit;2529;Innenpolitik;;;
energiepolit;2515;Außenpolitik;Umwelt/Natur/Klima;Energie;
arbeitsmarktpolit;2507;Innenpolitik;;;
polizist;2505;Innenpolitik;Sicherheit;;
arbeitsplatz;2503;Innenpolitik;;;
technik;2492;Innenpolitik;;;
griechisch;2470;Außenpolitik;Außenbeziehung;Land/Region;Griechenland
sozialpolit;2453;Innenpolitik;;;
arbeitslosengeld;2437;Innenpolitik;;;
journalist;2420;Innenpolitik;;;
gesundheitswes;2399;Innenpolitik;;;
finanzkris;2380;Außenpolitik;Finanzkrise;;
finanzm;2376;Außenpolitik;Finanzkrise;;
integriert;2369;Außenpolitik;Migration;;
kriminalit;2364;Innenpolitik;;;
rohstoff;2343;Außenpolitik;Umwelt/Natur/Klima;;
export;2333;Innenpolitik;;;
klima;2315;Außenpolitik;Umwelt/Natur/Klima;;
gesundheit;2305;Innenpolitik;;;
schuldenbrems;2253;Innenpolitik;;;
unterricht;2252;Innenpolitik;;;
migrant;2236;Außenpolitik;Migration;;
korruption;2212;Sonst.;;;
paris;2200;Außenpolitik;Außenbeziehung;Land/Region;Frankreich
ostdeutschland;2181;Innenpolitik;;;
natur;2181;Außenpolitik;Umwelt/Natur/Klima;;
spani;2164;Außenpolitik;Außenbeziehung;Land/Region;Spanien
energieversorg;2163;Außenpolitik;Umwelt/Natur/Klima;Energie;
altersvorsorg;2132;Innenpolitik;;;
sterreich;2128;Außenpolitik;Außenbeziehung;Land/Region;Österreich
altersarmut;2125;Innenpolitik;;;
sozialstaat;2117;Innenpolitik;;;
energet;2115;Außenpolitik;Umwelt/Natur/Klima;Energie;
leiharbeit;2098;Innenpolitik;;;
indi;2097;Außenpolitik;Außenbeziehung;Land/Region;Indien
energieeffizienz;2092;Außenpolitik;Umwelt/Natur/Klima;Energie;
familienpolit;2087;Innenpolitik;;;
itali;2078;Außenpolitik;Außenbeziehung;Land/Region;Italien
subvention;2067;Innenpolitik;;;
studium;2065;Innenpolitik;;;
kriminell;2061;Innenpolitik;;;
islam;2052;Sonst.;;;
wirtschafts-;2035;Innenpolitik;;;
rechtsextremismus;2033;Sonst.;;;
terror;2033;Außenpolitik;Sicherheit;;
pakistan;2006;Außenpolitik;Außenbeziehung;Land/Region;Pakistan
lebensmittel;2002;Innenpolitik;;;
verfassungsschutz;1999;Sonst.;;;
ostdeutsch;1997;Innenpolitik;;;
saudi-arabi;1996;Außenpolitik;Außenbeziehung;Land/Region;Saudi-Arabien
finanzpolit;1986;Innenpolitik;;;
qualifikation;1974;Innenpolitik;;;
liby;1970;Außenpolitik;Außenbeziehung;Land/Region;Libyen
mindestl;1948;Innenpolitik;;;
syrisch;1942;Außenpolitik;Außenbeziehung;Land/Region;Syrien
kindergeld;1929;Innenpolitik;;;
menschenw;1925;Sonst.;;;
steuergeld;1907;Innenpolitik;;;
wohnraum;1906;Innenpolitik;;;
atomkraftwerk;1894;Außenpolitik;Umwelt/Natur/Klima;Energie;
technikfolgenabsch;1882;Innenpolitik;;;
emissionshandel;1882;Außenpolitik;Umwelt/Natur/Klima;;
bundespolizei;1864;Außenpolitik;Sicherheit;;
libanon;1852;Außenpolitik;Außenbeziehung;Land/Region;Libanon
flucht;1847;Außenpolitik;Migration;;
haushaltspolit;1845;Innenpolitik;;;
netzwerk;1844;Innenpolitik;;;
existenz;1842;Innenpolitik;;;
kinderbetreu;1842;Innenpolitik;;;
sicherheitsrat;1835;Außenpolitik;Sicherheit;;
pflegeversicher;1809;Innenpolitik;;;
menschenrechtsverletz;1806;Sonst.;;;
somalia;1789;Außenpolitik;Außenbeziehung;Land/Region;Somalia
patientinn;1763;Innenpolitik;;;
ftemangel;1750;Innenpolitik;;;
religi;1744;Sonst.;;;
kitas;1725;Innenpolitik;;;
muslim;1707;Sonst.;;;
mittelme;1696;Außenpolitik;Migration;;
islamist;1696;Sonst.;;;
zuwander;1684;Außenpolitik;Migration;;
kraftwerk;1619;Außenpolitik;Umwelt/Natur/Klima;Energie;
arab;1598;Außenpolitik;Außenbeziehung;Land/Region;Arabische Welt
japan;1596;Außenpolitik;Außenbeziehung;Land/Region;Japan
wald;1595;Außenpolitik;Umwelt/Natur/Klima;;
rokratieabbau;1587;Innenpolitik;;;
populist;1562;Sonst.;;;
nuklear;1559;Außenpolitik;Umwelt/Natur/Klima;Energie;
wehrpflicht;1558;Außenpolitik;Sicherheit;;
umweltschutz;1553;Außenpolitik;Umwelt/Natur/Klima;;
asylbewerb;1552;Außenpolitik;Migration;;
verschuld;1551;Innenpolitik;Finanzkrise;;
arbeitslosenversicher;1544;Innenpolitik;;;
effizienz;1540;Außenpolitik;Umwelt/Natur/Klima;;
europarat;1536;Außenpolitik;Außenbeziehung;EU-Angelegenheiten;
chines;1535;Außenpolitik;Außenbeziehung;Land/Region;China
amerika;1525;Außenpolitik;Außenbeziehung;Land/Region;Amerika
abschieb;1521;Außenpolitik;Migration;;
lebenspartnerschaft;1506;Innenpolitik;;;
student;1502;Innenpolitik;;;
verkehrspolit;1499;Innenpolitik;;;
wohnungsbau;1490;Innenpolitik;;;
rgerkrieg;1479;Außenpolitik;Sicherheit;;
klimapolit;1477;Außenpolitik;Umwelt/Natur/Klima;;
corona;1474;Außenpolitik;Corona;;
religion;1471;Sonst.;;;
mietpreisbrems;1458;Innenpolitik;;;
vorratsdatenspeicher;1457;Innenpolitik;;;
automobilindustri;1456;Innenpolitik;;;
globalisier;1454;Außenpolitik;Außenbeziehung;;
gesundheitspolit;1449;Innenpolitik;;;
dsudan;1440;Außenpolitik;Außenbeziehung;Land/Region;Südsudan
serbi;1439;Außenpolitik;Außenbeziehung;Land/Region;Serbien
arbeitswelt;1433;Innenpolitik;;;
kernkraftwerk;1415;Außenpolitik;Umwelt/Natur/Klima;Energie;
niederland;1415;Außenpolitik;Außenbeziehung;Land/Region;Niederlande
umwelt-;1412;Außenpolitik;Umwelt/Natur/Klima;;
stungsexport;1398;Außenpolitik;Sicherheit;;
rentnerinn;1395;Innenpolitik;;;
kernenergi;1387;Außenpolitik;Umwelt/Natur/Klima;Energie;
wirtschaftswachstum;1385;Innenpolitik;;;
wiederaufbau;1383;Sonst.;;;
sudan;1375;Außenpolitik;Außenbeziehung;Land/Region;Sudan
umweltpolit;1374;Außenpolitik;Umwelt/Natur/Klima;;
deralismusreform;1371;Innenpolitik;;;
fossil;1370;Außenpolitik;Umwelt/Natur/Klima;Energie;
gesundheitssyst;1365;Innenpolitik;;;
hass;1349;Sonst.;;;
neuverschuld;1343;Innenpolitik;;;
irland;1339;Außenpolitik;Außenbeziehung;Land/Region;Irland
zeitarbeit;1338;Innenpolitik;;;
binnenmarkt;1336;Innenpolitik;Außenbeziehung;;
pflegekr;1330;Innenpolitik;;;
religionsfrei;1318;Sonst.;;;
christ;1318;Sonst.;;;
freihandelsabkomm;1306;Außenpolitik;Außenbeziehung;;
agrarpolit;1301;Innenpolitik;;;
migrationshintergrund;1300;Außenpolitik;Migration;;
tierschutz;1298;Innenpolitik;Landwirtschaft;;
gypt;1291;Außenpolitik;Außenbeziehung;Land/Region;Ägypten
britisch;1290;Außenpolitik;Außenbeziehung;Land/Region;UK
kurzarbeit;1286;Innenpolitik;;;
kinderzuschlag;1284;Innenpolitik;;;
eu-richtlini;1272;Außenpolitik;Außenbeziehung;EU-Angelegenheiten;
menschenhandel;1267;Sonst.;;;
rassismus;1266;Sonst.;;;
kinderarmut;1263;Innenpolitik;;;
roma;1251;Außenpolitik;Außenbeziehung;Land/Region;Sinti & Roma
elektromobilit;1245;Innenpolitik;;Umwelt/Natur/Klima;
geheimdien;1238;Außenpolitik;Sicherheit;;
steuerpolit;1238;Innenpolitik;;;
organsp;1219;Innenpolitik;;;
minijob;1193;Innenpolitik;;;
energie-;1192;Außenpolitik;Umwelt/Natur/Klima;Energie;
euro-zon;1177;Außenpolitik;Finanzkrise;;
pressefrei;1175;Sonst.;;;
kohlekraftwerk;1169;Außenpolitik;Umwelt/Natur/Klima;Energie;
ausbildungspl;1164;Innenpolitik;;;
multilateral;1162;Außenpolitik;Außenbeziehung;;
emission;1155;Außenpolitik;Umwelt/Natur/Klima;;
mieterinn;1153;Innenpolitik;;;
berufsausbild;1144;Innenpolitik;;;
kanada;1144;Außenpolitik;Außenbeziehung;Land/Region;Kanada
erdogan;1136;Außenpolitik;Außenbeziehung;Land/Region;Türkei
folt;1128;Sonst.;;;
ttip;1128;Außenpolitik;Außenbeziehung;;
taliban;1111;Außenpolitik;Sicherheit;;
toleranz;1110;Sonst.;;;
tierhalt;1109;Innenpolitik;Landwirtschaft;;
impfstoff;1101;Außenpolitik;Corona;;
lebensunterhalt;1098;Innenpolitik;;;
atomwaff;1097;Außenpolitik;Sicherheit;;
bras;1096;Außenpolitik;Außenbeziehung;Land/Region;Brasilien
kurzarbeitergeld;1093;Innenpolitik;;;
antisemitismus;1092;Sonst.;;;
integri;1092;Außenpolitik;Migration;;
chancengleich;1092;Sonst.;;;
beitritt;1091;Außenpolitik;Außenbeziehung;;
kindeswohl;1088;Innenpolitik;;;
finanztransaktionsteu;1087;Innenpolitik;;;
fracking;1077;Außenpolitik;Umwelt/Natur/Klima;Energie;
inklusion;1074;Sonst.;;;
strompreis;1072;Außenpolitik;Umwelt/Natur/Klima;Energie;
populismus;1071;Sonst.;;;
rassist;1068;Sonst.;;;
rechtsextrem;1064;Sonst.;;;
isaf;1056;Außenpolitik;Sicherheit;;
coronakris;1051;Außenpolitik;Corona;;
putin;1046;Außenpolitik;Außenbeziehung;Land/Region;Russland
einkommensteu;1041;Innenpolitik;;;
eu-mitgliedstaat;1040;Außenpolitik;Außenbeziehung;EU-Angelegenheiten;
kongo;1040;Außenpolitik;Außenbeziehung;Land/Region;
konjunkturpaket;1039;Innenpolitik;;;
brexit;1036;Außenpolitik;Außenbeziehung;;
generationengerecht;1035;Innenpolitik;;;
homosexuell;1030;Sonst.;;;
biodiversit;1023;Außenpolitik;Umwelt/Natur/Klima;;
brasili;1022;Außenpolitik;Außenbeziehung;Land/Region;Brasilien
konjunkturprogramm;1022;Innenpolitik;;;
fluchtursach;1021;Außenpolitik;Migration;;
virus;1020;Außenpolitik;Corona;;
extremist;1017;Sonst.;Sicherheit;;
schwul;1016;Sonst.;;;
asylverfahr;1012;Außenpolitik;Migration;;
lebensmitteln;1010;Innenpolitik;;;
ungarn;1008;Außenpolitik;Außenbeziehung;Land/Region;Ungarn
portugal;1000;Außenpolitik;Außenbeziehung;Land/Region;Portugal
teilzeit;999;Innenpolitik;;;
entwicklungshilf;996;Außenpolitik;Außenbeziehung;;
klimaschutzziel;992;Außenpolitik;Umwelt/Natur/Klima;;
kinderrecht;990;Sonst.;;;
extremismus;988;Sonst.;Sicherheit;;
darfur;986;Außenpolitik;Außenbeziehung;Land/Region;Sudan
isis;983;Außenpolitik;Sicherheit;;
atomenergi;982;Außenpolitik;Umwelt/Natur/Klima;Energie;
lkerrechtswidr;974;Sonst.;;;
todesstraf;961;Sonst.;;;
rechtsextremist;940;Sonst.;;;
europapolit;937;Außenpolitik;Außenbeziehung;EU-Angelegenheiten;
trump;932;Außenpolitik;Außenbeziehung;Land/Region;USA
nichtregierungsorganisation;931;Außenpolitik;Außenbeziehung;;
schwarzarbeit;930;Innenpolitik;;;
obergrenz;928;Außenpolitik;Migration;;
klimaziel;924;Außenpolitik;Umwelt/Natur/Klima;;
gleichgeschlecht;921;Sonst.;;;
cannabis;918;Innenpolitik;;;
strukturschwach;916;Innenpolitik;;;
asyl;914;Außenpolitik;Migration;;
aufenthaltsrecht;910;Außenpolitik;Migration;;
altersversorg;909;Innenpolitik;;;
verkehrsinfrastruktur;908;Innenpolitik;;;
atalanta;903;Außenpolitik;Sicherheit;;
atomkraft;902;Außenpolitik;Umwelt/Natur/Klima;Energie;
gesundheitsversorg;902;Innenpolitik;;;
eu-staat;901;Außenpolitik;Außenbeziehung;EU-Angelegenheiten;
pirateri;900;Innenpolitik;;;
london;900;Außenpolitik;Außenbeziehung;Land/Region;UK
einreis;899;Außenpolitik;Migration;;
biokraftstoff;899;Außenpolitik;Umwelt/Natur/Klima;;
moratorium;886;Außenpolitik;Umwelt/Natur/Klima;;
gesellschaftspolit;882;Sonst.;;;
lkermord;860;Sonst.;;;
familiennachzug;859;Außenpolitik;Migration;;
-emission;859;Außenpolitik;Umwelt/Natur/Klima;;
integrationskurs;856;Außenpolitik;Migration;;
atomausstieg;854;Außenpolitik;Umwelt/Natur/Klima;Energie;
datenschutzrecht;853;Innenpolitik;;;
jugendarbeitslos;851;Innenpolitik;;;
atomm;849;Außenpolitik;Umwelt/Natur/Klima;Energie;
netzausbau;847;Innenpolitik;;;
friedensprozess;846;Außenpolitik;Außenbeziehung;;
migrantinn;843;Außenpolitik;Migration;;
un-behindertenrechtskonvention;841;Sonst.;;;
kita;836;Innenpolitik;;;
verbraucherpolit;836;Innenpolitik;;;
studiengeb;834;Innenpolitik;;;
balkan;832;Außenpolitik;Außenbeziehung;Land/Region;Balkan
nahverkehr;829;Innenpolitik;;;
coronapandemi;815;Außenpolitik;Corona;;
asylbewerberleistungsgesetz;815;Außenpolitik;Migration;;
transatlant;813;Außenpolitik;Außenbeziehung;;
lehrkr;806;Innenpolitik;;;
gesundheitsreform;804;Innenpolitik;;;
lohndumping;804;Innenpolitik;;;
drittstaat;801;Außenpolitik;Migration;;
menschenrechtspolit;794;Sonst.;;;
tunesi;792;Außenpolitik;Außenbeziehung;Land/Region;Tunesien
belarus;791;Außenpolitik;Außenbeziehung;Land/Region;Belarus
asylsuch;789;Außenpolitik;Migration;;
menschenveracht;789;Sonst.;;;
erwerbsminderungsrent;782;Innenpolitik;;;
studienpl;779;Innenpolitik;;;
verteidigungspolit;779;Außenpolitik;Sicherheit;;
grundrent;778;Innenpolitik;;;
polnisch;778;Außenpolitik;Außenbeziehung;Land/Region;Polen
eeg-umlag;777;Außenpolitik;Umwelt/Natur/Klima;;
immobili;776;Innenpolitik;;;
integrationspolit;776;Außenpolitik;Migration;;
laufzeitverl;773;Innenpolitik;Finanzkrise;;
rettungsschirm;772;Außenpolitik;Finanzkrise;;
umweltvertr;770;Außenpolitik;Umwelt/Natur/Klima;;
lateinamerika;767;Außenpolitik;Außenbeziehung;Land/Region;Lateinamerika
eu-recht;762;Außenpolitik;Außenbeziehung;EU-Angelegenheiten;
rentenrecht;760;Innenpolitik;;;
nationalsozialist;759;Sonst.;;;
mietrecht;756;Innenpolitik;;;
lobbyist;755;Innenpolitik;;;
biomass;755;Außenpolitik;Umwelt/Natur/Klima;;
moskau;755;Außenpolitik;Außenbeziehung;Land/Region;Russland
energietr;747;Außenpolitik;Umwelt/Natur/Klima;Energie;
kuba;747;Außenpolitik;Außenbeziehung;Land/Region;Kuba
glyphosat;746;Außenpolitik;Umwelt/Natur/Klima;;
ndigungsschutz;746;Innenpolitik;;;
energiepreis;745;Außenpolitik;Umwelt/Natur/Klima;Energie;
asylrecht;743;Außenpolitik;Migration;;
erwerbslos;743;Innenpolitik;;;
radioaktiv;742;Außenpolitik;Umwelt/Natur/Klima;Energie;
endlag;742;Außenpolitik;Umwelt/Natur/Klima;Energie;
energiekonzept;739;Außenpolitik;Umwelt/Natur/Klima;Energie;
regenerativ;731;Innenpolitik;Landwirtschaft;;
gleichbehandl;730;Sonst.;;;
wirtschaftsstandort;729;Innenpolitik;;;
hrungsunion;724;Außenpolitik;Finanzkrise;;
verbraucherzentral;724;Innenpolitik;;;
geringverdi;719;Innenpolitik;;;
altenpfleg;719;Innenpolitik;;;
praxisgeb;717;Innenpolitik;;;
menschheit;717;Sonst.;;;
erdgas;716;Außenpolitik;Umwelt/Natur/Klima;Energie;
kurd;715;Außenpolitik;Außenbeziehung;Land/Region;Kurden
obama;713;Außenpolitik;Außenbeziehung;Land/Region;USA
niedriglohnsektor;712;Innenpolitik;;;
belgi;710;Außenpolitik;Außenbeziehung;Land/Region;Belgien
armutsbek;709;Innenpolitik;;;
klima-;708;Außenpolitik;Umwelt/Natur/Klima;;
doping;707;Innenpolitik;;;
arbeitsrecht;704;Innenpolitik;;;
holz;702;Innenpolitik;Landwirtschaft;;
kilowattstund;699;Innenpolitik;;;
bankenaufsicht;697;Innenpolitik;Finanzkrise;;
deutsch-franz;691;Außenpolitik;Außenbeziehung;Land/Region;Frankreich
hebamm;686;Innenpolitik;;;
rentenniveau;686;Innenpolitik;;;
mexiko;686;Außenpolitik;Außenbeziehung;Land/Region;Mexiko
lockdown;683;Außenpolitik;Corona;;
wohnungsmarkt;683;Innenpolitik;;;
marokko;679;Außenpolitik;Außenbeziehung;Land/Region;Marokko
energieintensiv;678;Außenpolitik;Umwelt/Natur/Klima;Energie;
albani;677;Außenpolitik;Außenbeziehung;Land/Region;Albanien
georgi;674;Außenpolitik;Außenbeziehung;Land/Region;Georgien
umweltfreund;673;Außenpolitik;Umwelt/Natur/Klima;;
breitbandausbau;673;Innenpolitik;;;
stromerzeug;672;Außenpolitik;Umwelt/Natur/Klima;Energie;
antibiotika;672;Innenpolitik;;;
import;671;Innenpolitik;;;
aufenthaltsgesetz;668;Außenpolitik;Migration;;
kinderarbeit;666;Sonst.;;;
herkunftsstaat;666;Außenpolitik;Migration;;
heimatland;659;Außenpolitik;Migration;;
zuwand;659;Außenpolitik;Migration;;
diskriminiert;658;Sonst.;;;
kindertagesst;658;Innenpolitik;;;
osteuropa;658;Außenpolitik;Außenbeziehung;Land/Region;Osteuropa
stungskontroll;657;Außenpolitik;Sicherheit;;
nazis;656;Sonst.;;;
bildungschanc;653;Innenpolitik;;;
afrikas;650;Außenpolitik;Außenbeziehung;Land/Region;Afrika
hilfsorganisation;650;Innenpolitik;;;
netzneutralit;649;Innenpolitik;;;
ausbildungsplatz;649;Innenpolitik;;;
herkunftsl;649;Außenpolitik;Migration;;
kapitalmarkt;647;Innenpolitik;;;
aserbaidschan;646;Außenpolitik;Außenbeziehung;Land/Region;Aserbaidschan
bulgari;645;Außenpolitik;Außenbeziehung;Land/Region;Bulgarien
washington;645;Außenpolitik;Außenbeziehung;Land/Region;USA
telekommunikation;644;Innenpolitik;;;
einwand;644;Außenpolitik;Migration;;
weltgemeinschaft;643;Sonst.;Außenbeziehung;;
feuerwehr;634;Innenpolitik;Sicherheit;;
finanzhilf;630;Außenpolitik;Finanzkrise;;
trinkwass;629;Außenpolitik;Umwelt/Natur/Klima;;
erneuerbare-energien-gesetz;629;Außenpolitik;Umwelt/Natur/Klima;Energie;
franzos;626;Außenpolitik;Außenbeziehung;Land/Region;Frankreich
armeni;625;Außenpolitik;Außenbeziehung;Land/Region;Armenien
kolumbi;625;Außenpolitik;Außenbeziehung;Land/Region;Kolumbien
griech;623;Außenpolitik;Außenbeziehung;Land/Region;Griechenland
eu-weit;623;Außenpolitik;Außenbeziehung;EU-Angelegenheiten;
forstwirtschaft;622;Innenpolitik;Landwirtschaft;;
menschenrechtslag;619;Sonst.;;;
gesundheitsschutz;619;Innenpolitik;;;
fortbild;616;Innenpolitik;;;
exporti;616;Innenpolitik;;;
stammzell;615;Innenpolitik;;;
gleichstellungspolit;615;Sonst.;;;
einwander;614;Außenpolitik;Migration;;
kinderg;613;Innenpolitik;;;
bundesfreiwilligendien;611;Innenpolitik;;;
medizinprodukt;609;Innenpolitik;;;
jugendpolit;606;Innenpolitik;;;
ehegattensplitting;605;Innenpolitik;;;
energiekonzern;604;Außenpolitik;Umwelt/Natur/Klima;Energie;
lesb;604;Sonst.;;;
luftverkehr;603;Innenpolitik;;;
waffenliefer;603;Außenpolitik;Sicherheit;;
kologi;600;Außenpolitik;Umwelt/Natur/Klima;;
sinti;600;Außenpolitik;Außenbeziehung;Land/Region;Sinti & Roma
kohleausstieg;599;Außenpolitik;Umwelt/Natur/Klima;Energie;
nationalsozialismus;599;Sonst.;;;
kopenhag;597;Außenpolitik;Umwelt/Natur/Klima;;
lohnnebenkost;596;Innenpolitik;;;
kurdisch;596;Außenpolitik;Außenbeziehung;Land/Region;Kurden
un-sicherheitsrat;592;Außenpolitik;Sicherheit;;
kroati;592;Außenpolitik;Außenbeziehung;Land/Region;Kroatien
steueroas;591;Innenpolitik;;;
waffenstillstand;591;Außenpolitik;Sicherheit;;
gesundheitssystem;590;Innenpolitik;;;
chtlingspolit;590;Außenpolitik;Migration;;
finanzmarktkris;588;Außenpolitik;Finanzkrise;;
bleiberecht;588;Außenpolitik;Migration;;
nachhaltigkeitsstrategi;588;Außenpolitik;Umwelt/Natur/Klima;;
sozialsystem;587;Innenpolitik;;;
forschungspolit;587;Innenpolitik;;;
bundesfernstra;586;Innenpolitik;;;
handelsabkomm;584;Außenpolitik;Außenbeziehung;;
polizistinn;584;Innenpolitik;Sicherheit;;
impf;582;Außenpolitik;Corona;;
atomar;577;Außenpolitik;Umwelt/Natur/Klima;Energie;
myanmar;575;Außenpolitik;Außenbeziehung;Land/Region;Myanmar
investitionsprogramm;574;Innenpolitik;;;
frauenh;573;Sonst.;;;
renteneintrittsalt;573;Innenpolitik;;;
munition;572;Außenpolitik;Sicherheit;;
vergewalt;571;Sonst.;;;
monopol;570;Innenpolitik;;;
energiewirtschaft;569;Außenpolitik;Umwelt/Natur/Klima;Energie;
us-amerikan;569;Außenpolitik;Außenbeziehung;Land/Region;USA
wasserstoff;568;Außenpolitik;Umwelt/Natur/Klima;Energie;
chtlingslag;566;Außenpolitik;Migration;;
hartz-iv-empf;556;Innenpolitik;;;
obdachlos;555;Innenpolitik;;;
photovolta;555;Außenpolitik;Umwelt/Natur/Klima;Energie;
arzneimitteln;550;Innenpolitik;;;
reaktorsicher-;549;Außenpolitik;Umwelt/Natur/Klima;Energie;
fukushima;548;Außenpolitik;Umwelt/Natur/Klima;Energie;
libanes;548;Außenpolitik;Außenbeziehung;Land/Region;Libanon
klimakris;547;Außenpolitik;Umwelt/Natur/Klima;;
embryonal;546;Innenpolitik;;;
impfung;541;Außenpolitik;Corona;;
schwangerschaft;541;Innenpolitik;;;
jordani;540;Außenpolitik;Außenbeziehung;Land/Region;Jordanien
tempolimit;539;Innenpolitik;;;
ruhestand;539;Innenpolitik;;;
westdeutschland;539;Innenpolitik;;;
kapitalgesellschaft;538;Innenpolitik;;;
kinderpornografi;536;Sonst.;;;
digitalpakt;535;Innenpolitik;;;
osteurop;534;Außenpolitik;Außenbeziehung;Land/Region;Osteuropa
italien;533;Außenpolitik;Außenbeziehung;Land/Region;Italien
hisbollah;533;Außenpolitik;Sicherheit;;
gastronomi;529;Innenpolitik;;;
weltwirtschaft;529;Außenpolitik;Außenbeziehung;;
ernt;526;Innenpolitik;Landwirtschaft;;
stromversorg;523;Außenpolitik;Umwelt/Natur/Klima;Energie;
un-kinderrechtskonvention;523;Außenpolitik;Außenbeziehung;;
somal;523;Außenpolitik;Außenbeziehung;Land/Region;Somalia
rentenwert;519;Innenpolitik;;;
klimafond;519;Außenpolitik;Umwelt/Natur/Klima;;
rentenkass;519;Innenpolitik;;;
infektion;516;Außenpolitik;Corona;;
kfor;516;Außenpolitik;Sicherheit;;
tschechi;516;Außenpolitik;Außenbeziehung;Land/Region;Tschechien
fischerei;515;Innenpolitik;Landwirtschaft;;
niederschlag;514;Außenpolitik;Umwelt/Natur/Klima;;
windenergi;513;Außenpolitik;Umwelt/Natur/Klima;Energie;
libysch;504;Außenpolitik;Außenbeziehung;Land/Region;Libyen
sozialkass;503;Innenpolitik;;;
suizid;503;Innenpolitik;;;
klimafreund;502;Außenpolitik;Umwelt/Natur/Klima;;
schwerbehindert;501;Sonst.;;;
klimasch;497;Außenpolitik;Umwelt/Natur/Klima;;
nanotechnologi;493;Innenpolitik;;;
russ;491;Außenpolitik;Außenbeziehung;Land/Region;Russland
artenvielfalt;490;Außenpolitik;Umwelt/Natur/Klima;;
arbeitslosenquot;488;Innenpolitik;;;
miliz;488;Außenpolitik;Sicherheit;;
wirtschaftskraft;486;Innenpolitik;;;
braunkohl;485;Außenpolitik;Umwelt/Natur/Klima;;
bundesteilhabegesetz;485;Innenpolitik;;;
terroranschl;485;Außenpolitik;Sicherheit;;
kabul;483;Außenpolitik;Außenbeziehung;Land/Region;Afghanistan
frontex;483;Außenpolitik;Außenbeziehung;;
wachstumsbeschleunigungsgesetz;482;Innenpolitik;;;
existenzgr;481;Innenpolitik;;;
betriebsrent;481;Innenpolitik;;;
kulturgut;481;Innenpolitik;;;
energieverbrauch;479;Außenpolitik;Umwelt/Natur/Klima;Energie;
lieferkett;478;Innenpolitik;;;
handelspolit;477;Außenpolitik;Außenbeziehung;;
atomgesetz;476;Außenpolitik;Umwelt/Natur/Klima;Energie;
wasserversorg;475;Außenpolitik;Umwelt/Natur/Klima;;
netzbetreib;474;Innenpolitik;;;
frauenanteil;474;Sonst.;;;
propaganda;473;Sonst.;;;
grundschul;472;Innenpolitik;;;
fremdenfeind;471;Sonst.;;;
aufenthaltserlaubnis;470;Außenpolitik;Migration;;
altersteilzeit;470;Innenpolitik;;;
australi;469;Außenpolitik;Außenbeziehung;Land/Region;Australien
diskriminierungsfrei;467;Sonst.;;;
nuklearwaff;465;Außenpolitik;Sicherheit;;
rentensyst;465;Innenpolitik;;;
arbeitsschutz;462;Innenpolitik;;;
nahrungsmittel;462;Innenpolitik;;;
bundeswehrsoldat;461;Außenpolitik;Sicherheit;;
religionsgemeinschaft;460;Sonst.;;;
waffenrecht;459;Außenpolitik;Sicherheit;;
herkunftsland;458;Außenpolitik;Migration;;
verbraucherinformationsgesetz;457;Innenpolitik;;;
europaparlament;455;Außenpolitik;Außenbeziehung;EU-Angelegenheiten;
rentenpaket;452;Innenpolitik;;;
waffenexport;451;Außenpolitik;Sicherheit;;
opferschutz;450;Innenpolitik;;;
systemrelevant;450;Außenpolitik;Corona;;
friedenspolit;448;Außenpolitik;Außenbeziehung;;
mehrwertsteuersatz;446;Innenpolitik;;;
kriegswaff;445;Außenpolitik;Sicherheit;;
schienenverkehr;445;Innenpolitik;;;
nordafrika;444;Außenpolitik;Außenbeziehung;Land/Region;Afrika
treibhausgasemission;442;Außenpolitik;Umwelt/Natur/Klima;;
serbisch;441;Außenpolitik;Außenbeziehung;Land/Region;Serbien
kfz-steu;441;Innenpolitik;;;
sterbehilf;441;Sonst.;;;
armuts-;440;Innenpolitik;;;
menschenbild;440;Sonst.;;;
gesundheitskart;439;Innenpolitik;;;
finanzprodukt;438;Innenpolitik;;;
netzentgelt;438;Innenpolitik;;;
steuermehreinnahm;438;Innenpolitik;;;
bildungssystem;437;Innenpolitik;;;
pharmaindustri;437;Innenpolitik;;;
reaktor;437;Außenpolitik;Umwelt/Natur/Klima;Energie;
bosnien-herzegowina;435;Außenpolitik;Außenbeziehung;Land/Region;Bosnien-Herzegovina
stromnetz;433;Außenpolitik;Umwelt/Natur/Klima;Energie;
ruanda;433;Außenpolitik;Außenbeziehung;Land/Region;Ruanda
gleichheit;432;Sonst.;;;
steinkohl;431;Außenpolitik;Umwelt/Natur/Klima;Energie;
kunduz;429;Außenpolitik;Außenbeziehung;Land/Region;Afghanistan
hamas;428;Außenpolitik;Sicherheit;;
covid-;428;Außenpolitik;Corona;;
troika;427;Außenpolitik;Finanzkrise;;
kinderschutz;426;Sonst.;;;
doppelbesteuerungsabkomm;425;Innenpolitik;;;
kinderfreibetrag;424;Innenpolitik;;;
endlager;423;Außenpolitik;Umwelt/Natur/Klima;Energie;
nordirak;423;Außenpolitik;Außenbeziehung;Land/Region;Irak
thiopi;423;Außenpolitik;Außenbeziehung;Land/Region;Äthiopien
dafrika;422;Außenpolitik;Außenbeziehung;Land/Region;Südafrika
informationsfrei;422;Innenpolitik;;;
bosni;420;Außenpolitik;Außenbeziehung;Land/Region;Bosnien-Herzegovina
solidargemeinschaft;420;Innenpolitik;;;
nationalismus;420;Sonst.;;;
finnland;419;Außenpolitik;Außenbeziehung;Land/Region;Finnland
steuerreform;419;Innenpolitik;;;
energiekost;419;Außenpolitik;Umwelt/Natur/Klima;Energie;
abwander;419;Innenpolitik;;;
atmosph;418;Außenpolitik;Umwelt/Natur/Klima;;
algeri;417;Außenpolitik;Außenbeziehung;Land/Region;Algerien
gentechnikfrei;416;Innenpolitik;Landwirtschaft;;
linksextremismus;415;Sonst.;;;
facharbeit;413;Innenpolitik;;;
stungspolit;413;Außenpolitik;Sicherheit;;
bildungswes;412;Innenpolitik;;;
aufenthaltstitel;409;Außenpolitik;Migration;;
rtefallregel;409;Innenpolitik;;;
wohneigentum;409;Innenpolitik;;;
nigeria;409;Außenpolitik;Außenbeziehung;Land/Region;Nigeria
terrororganisation;408;Außenpolitik;Sicherheit;;
unterk;406;Außenpolitik;Migration;;
katastrophenschutz;406;Außenpolitik;Umwelt/Natur/Klima;;
demokratisier;406;Sonst.;;;
welthandel;405;Außenpolitik;Außenbeziehung;;
palliativmedizin;405;Innenpolitik;;;
duld;404;Außenpolitik;Migration;;
arbeitnehmerrecht;404;Innenpolitik;;;
pflanzenschutzmittel;402;Innenpolitik;Landwirtschaft;;
steuerentlast;401;Innenpolitik;;;
europawahl;400;Außenpolitik;Außenbeziehung;EU-Angelegenheiten;
existenzsichernd;396;Innenpolitik;;;
umweltsch;394;Außenpolitik;Umwelt/Natur/Klima;;
eu-haushalt;394;Außenpolitik;Außenbeziehung;EU-Angelegenheiten;
hochwasserschutz;393;Außenpolitik;Umwelt/Natur/Klima;;
finanzsektor;392;Innenpolitik;;;
artenschutz;392;Außenpolitik;Umwelt/Natur/Klima;;
rentenanspr;391;Innenpolitik;;;
klimaschutzgesetz;391;Außenpolitik;Umwelt/Natur/Klima;;
wohnungspolit;388;Innenpolitik;;;
lebensstandard;388;Innenpolitik;;;
chinas;387;Außenpolitik;Außenbeziehung;Land/Region;China
geschlechtergerecht;387;Sonst.;;;
fluggesellschaft;387;Innenpolitik;;;
nordkorea;387;Außenpolitik;Außenbeziehung;Land/Region;Nordkorea
eritrea;386;Außenpolitik;Außenbeziehung;Land/Region;Eritrea
indisch;386;Außenpolitik;Außenbeziehung;Land/Region;Indien
datenaustausch;386;Innenpolitik;;;
euro-kris;386;Außenpolitik;Finanzkrise;;
energieeinspar;385;Außenpolitik;Umwelt/Natur/Klima;Energie;
rentenk;384;Innenpolitik;;;
wachstumspakt;383;Innenpolitik;;;
duldung;383;Außenpolitik;Migration;;
westbalkan;383;Außenpolitik;Außenbeziehung;Land/Region;Balkan
migrationspolit;382;Außenpolitik;Migration;;
homosexualit;380;Sonst.;;;
bleiberechtsregel;380;Außenpolitik;Migration;;
kleinwaff;379;Außenpolitik;Sicherheit;;
infektionsschutzgesetz;378;Außenpolitik;Corona;;
weltmarkt;377;Außenpolitik;Außenbeziehung;;
kindertagesbetreu;377;Innenpolitik;;;
leistungsschutzrecht;377;Innenpolitik;;;
nato-partn;377;Außenpolitik;Sicherheit;;
klimaschutzpolit;376;Außenpolitik;Umwelt/Natur/Klima;;
anlegerschutz;375;Innenpolitik;Finanzkrise;;
lobby;373;Innenpolitik;;;
familienunternehm;373;Innenpolitik;;;
kitaausbau;373;Innenpolitik;;;
ausbildungspakt;373;Innenpolitik;;;
schienennetz;371;Innenpolitik;;;
katar;370;Außenpolitik;Außenbeziehung;Land/Region;Katar
menschenrechtsverteid;370;Sonst.;;;
krisenregion;369;Außenpolitik;Sicherheit;;
wirtschaftsleist;369;Innenpolitik;;;
treibhausgas;368;Außenpolitik;Umwelt/Natur/Klima;;
abwrackpr;368;Innenpolitik;;;
verbrau-cherschutz;366;Innenpolitik;;;
energiemix;365;Außenpolitik;Umwelt/Natur/Klima;Energie;
lebensmittelsich;365;Innenpolitik;;;
ausreisepflicht;361;Außenpolitik;Migration;;
un-konvention;360;Außenpolitik;Außenbeziehung;;
europol;360;Außenpolitik;Sicherheit;;
sozialausgab;360;Innenpolitik;;;
flugverkehr;359;Innenpolitik;;;
bundeswehreinsatz;359;Außenpolitik;Sicherheit;;
klimapaket;358;Außenpolitik;Umwelt/Natur/Klima;;
island;357;Außenpolitik;Außenbeziehung;Land/Region;Island
infrastrukturprojekt;357;Innenpolitik;;;
umweltstandard;357;Außenpolitik;Umwelt/Natur/Klima;;
pflanzenschutzmitteln;357;Innenpolitik;Landwirtschaft;;
kenia;356;Außenpolitik;Außenbeziehung;Land/Region;Kenia
schutzsuch;356;Außenpolitik;Migration;;
enduring;355;Außenpolitik;Sicherheit;;
gyptisch;354;Außenpolitik;Außenbeziehung;Land/Region;Ägypten
privatsph;354;Innenpolitik;;;
wagniskapital;354;Innenpolitik;;;
nachhaltigkeitsziel;354;Außenpolitik;Umwelt/Natur/Klima;;
waffensystem;354;Außenpolitik;Sicherheit;;
tschernobyl;353;Außenpolitik;Umwelt/Natur/Klima;Energie;
stungsindustri;353;Außenpolitik;Sicherheit;;
ganztagsbetreu;353;Innenpolitik;;;
un-resolution;352;Außenpolitik;Außenbeziehung;;
frauenrecht;351;Sonst.;;;
hochwass;351;Außenpolitik;Umwelt/Natur/Klima;;
verfassungsfeind;351;Sonst.;;;
chtlingskris;350;Außenpolitik;Migration;;
kindersoldat;349;Sonst.;;;
seenotrett;349;Außenpolitik;Migration;;
stammzellforsch;349;Innenpolitik;;;
hongkong;348;Außenpolitik;Außenbeziehung;Land/Region;Hongkong
nahrungsmitteln;346;Innenpolitik;;;
tourismuspolit;345;Innenpolitik;;;
krisengebiet;344;Außenpolitik;Sicherheit;;
schienenweg;344;Innenpolitik;;;
mittelschicht;344;Innenpolitik;;;
personennahverkehr;344;Innenpolitik;;;
tschechisch;344;Außenpolitik;Außenbeziehung;Land/Region;Tschechien
betreuungsangebot;343;Innenpolitik;;;
gesamtdeutsch;342;Innenpolitik;;;
zwangsverheirat;342;Sonst.;;;
bankensektor;342;Innenpolitik;Finanzkrise;;
mazedoni;342;Außenpolitik;Außenbeziehung;Land/Region;Nordmazedonien
rechtspopulist;341;Sonst.;;;
rechtsradikal;341;Sonst.;;;
asylantr;340;Außenpolitik;Migration;;
arbeitsvertrag;339;Innenpolitik;;;
al-qaida;339;Außenpolitik;Sicherheit;;
energ;339;Außenpolitik;Umwelt/Natur/Klima;Energie;
subventionier;338;Innenpolitik;;;
informationsfreiheitsgesetz;338;Innenpolitik;;;
naturkatastroph;337;Außenpolitik;Umwelt/Natur/Klima;;
bangladesch;335;Außenpolitik;Außenbeziehung;Land/Region;Bangladesch
angriffskrieg;335;Außenpolitik;Sicherheit;;
wertegemeinschaft;335;Sonst.;;;
leistungsberechtigt;334;Innenpolitik;;;
klimakonferenz;334;Außenpolitik;Umwelt/Natur/Klima;;
kosovar;332;Außenpolitik;Außenbeziehung;Land/Region;Kosovo
meinungs-;331;Sonst.;;;
datenschutz-grundverordn;331;Innenpolitik;;;
einsatzkr;330;Außenpolitik;Sicherheit;;
saatgut;330;Innenpolitik;Landwirtschaft;;
bildungspaket;329;Innenpolitik;;;
klimaneutral;328;Außenpolitik;Umwelt/Natur/Klima;;
einkommensteuergesetz;328;Innenpolitik;;;
terrorgrupp;327;Außenpolitik;Sicherheit;;
verbraucherfreund;326;Innenpolitik;;;
gazastreif;324;Außenpolitik;Außenbeziehung;Land/Region;Palästinensische Gebiete
chemiewaff;324;Außenpolitik;Sicherheit;;
islamismus;324;Sonst.;;;
asiat;323;Außenpolitik;Außenbeziehung;Land/Region;Asien
subventioni;323;Innenpolitik;;;
versammlungsfrei;323;Sonst.;;;
biogas;323;Außenpolitik;Umwelt/Natur/Klima;;
litau;322;Außenpolitik;Außenbeziehung;Land/Region;Litauen
lissabon-vertrag;322;Außenpolitik;Außenbeziehung;EU-Angelegenheiten;
telemediengesetz;322;Innenpolitik;;;
solidarpakt;322;Innenpolitik;;;
embryon;322;Innenpolitik;;;
strahlenschutz;321;Außenpolitik;Umwelt/Natur/Klima;Energie;
minsk;319;Außenpolitik;Außenbeziehung;Land/Region;Belarus
namibia;319;Außenpolitik;Außenbeziehung;Land/Region;Namibia
poland;319;Außenpolitik;Außenbeziehung;Land/Region;Polen
datensich;318;Innenpolitik;;;
willkommenskultur;317;Außenpolitik;Migration;;
armutsrisiko;317;Innenpolitik;;;
ausbildungsmission;316;Innenpolitik;;;
verbrennungsmotor;316;Innenpolitik;;;
somalias;316;Außenpolitik;Außenbeziehung;Land/Region;Somalia
holland;315;Außenpolitik;Außenbeziehung;Land/Region;Niederlande
verkehrsw;315;Innenpolitik;;;
bedrohungslag;315;Außenpolitik;Sicherheit;;
wissenschaftszeitvertragsgesetz;314;Innenpolitik;;;
steueraufkomm;313;Innenpolitik;;;
linksextremist;313;Sonst.;;;
finanzmarktregulier;313;Außenpolitik;Finanzkrise;;
asylantrag;313;Außenpolitik;Migration;;
venezuela;313;Außenpolitik;Außenbeziehung;Land/Region;Venezuela
agrarstruktur;312;Innenpolitik;;;
stromverbrauch;311;Außenpolitik;Umwelt/Natur/Klima;Energie;
indonesi;310;Außenpolitik;Außenbeziehung;Land/Region;Indonesien
krankenpfleg;310;Innenpolitik;;;
strommarkt;310;Außenpolitik;Umwelt/Natur/Klima;Energie;
windkraft;309;Außenpolitik;Umwelt/Natur/Klima;Energie;
stina;309;Außenpolitik;Außenbeziehung;Land/Region;Palästinensische Gebiete
sudanes;309;Außenpolitik;Außenbeziehung;Land/Region;Sudan
bildungsgerecht;308;Innenpolitik;;;
assoziierungsabkomm;308;Innenpolitik;;;
neutralit;308;Innenpolitik;;;
recycling;307;Außenpolitik;Umwelt/Natur/Klima;;
familienrecht;307;Innenpolitik;;;
jesid;305;Außenpolitik;Außenbeziehung;Syrien;
bergbau;305;Innenpolitik;;;
snowd;303;Innenpolitik;;;
coronavirus;303;Außenpolitik;Corona;;
abschiebehaft;302;Außenpolitik;Migration;;
geldpolit;302;Innenpolitik;;;
kernkraft;301;Außenpolitik;Umwelt/Natur/Klima;Energie;
elektroautos;301;Innenpolitik;;Umwelt/Natur/Klima;
mieterh;301;Innenpolitik;;;
radverkehr;299;Innenpolitik;;;
rechtssyst;298;Sonst.;;;
korruptionsbek;298;Sonst.;;;
transsexuell;298;Sonst.;;;
gewaltbereit;298;Außenpolitik;Sicherheit;;
familienpflegezeit;298;Innenpolitik;;;
einwanderungsgesetz;297;Außenpolitik;Migration;;
holocaust;297;Innenpolitik;;;
attentat;297;Außenpolitik;Sicherheit;;
grundfreibetrag;297;Innenpolitik;;;
krisensituation;297;Außenpolitik;Sicherheit;;
sportpolit;296;Innenpolitik;;;
istanbul;294;Außenpolitik;Außenbeziehung;Land/Region;Türkei
pension;293;Innenpolitik;;;
mietspiegel;293;Innenpolitik;;;
chtlingskonvention;292;Außenpolitik;Migration;;
mietendeckel;292;Innenpolitik;;;
investitionsquot;292;Innenpolitik;;;
usbekistan;291;Außenpolitik;Außenbeziehung;Land/Region;Usbekistan
personenverkehr;290;Innenpolitik;;;
kolandbau;290;Innenpolitik;Landwirtschaft;;
klimaschutzplan;290;Außenpolitik;Umwelt/Natur/Klima;;
mietwohn;289;Innenpolitik;;;
verkehrsweg;288;Innenpolitik;;;
hightechstrategi;288;Innenpolitik;;;
renten-;288;Innenpolitik;;;
lukaschenko;287;Außenpolitik;Außenbeziehung;Land/Region;Belarus
massenvernichtungswaff;287;Innenpolitik;;;
brennelementesteu;286;Außenpolitik;Umwelt/Natur/Klima;Energie;
kitapl;285;Innenpolitik;;;
steuerbelast;285;Innenpolitik;;;
biotechnologi;285;Innenpolitik;;;
risikostrukturausgleich;284;Innenpolitik;;;
rettungspaket;284;Außenpolitik;Finanzkrise;;
exportnation;283;Innenpolitik;;;
gaskraftwerk;283;Außenpolitik;Umwelt/Natur/Klima;Energie;
verbraucherrecht;283;Innenpolitik;;;
wirtschaftspartnerschaftsabkomm;283;Innenpolitik;;;
gleichbehandlungsgesetz;283;Sonst.;;;
pfleger;281;Innenpolitik;;;
regelbedarf;280;Innenpolitik;;;
brennstoff;280;Innenpolitik;;;
zentralasi;279;Außenpolitik;Außenbeziehung;Land/Region;Asien
dkorea;278;Außenpolitik;Außenbeziehung;Land/Region;Südkorea
natur-;278;Außenpolitik;Umwelt/Natur/Klima;;
simbabw;277;Außenpolitik;Außenbeziehung;Land/Region;Simbabwe
monsanto;277;Innenpolitik;Landwirtschaft;;
erdgasf;275;Außenpolitik;Umwelt/Natur/Klima;Energie;
energieversorgungsunternehm;275;Außenpolitik;Umwelt/Natur/Klima;Energie;
importi;274;Innenpolitik;;;
energiebereich;274;Außenpolitik;Umwelt/Natur/Klima;Energie;
nachbarschaftspolit;272;Innenpolitik;;;
neonazis;271;Sonst.;;;
telekommunikationsgesetz;270;Innenpolitik;;;
kennzeichnungspflicht;269;Innenpolitik;;;
rentenalt;269;Innenpolitik;;;
teilzeitbesch;269;Innenpolitik;;;
tierschutzgesetz;268;Innenpolitik;Landwirtschaft;;
kindergelderh;268;Innenpolitik;;;
friedensabkomm;268;Außenpolitik;Außenbeziehung;;
energieforsch;268;Außenpolitik;Umwelt/Natur/Klima;Energie;
obst;267;Innenpolitik;Landwirtschaft;;
netzpolit;266;Innenpolitik;;;
ressourcenschon;266;Außenpolitik;Umwelt/Natur/Klima;;
mindestlohnkommission;266;Innenpolitik;;;
erdbeb;265;Außenpolitik;Umwelt/Natur/Klima;;
ostukrain;265;Außenpolitik;Außenbeziehung;Land/Region;Ukraine
urheberrechtsgesetz;264;Innenpolitik;;;
mandatsverl;264;Außenpolitik;Sicherheit;;
zwangsheirat;264;Sonst.;;;
benzin;264;Außenpolitik;Umwelt/Natur/Klima;;
bolivi;263;Außenpolitik;Außenbeziehung;Land/Region;Bolivien
kriegsf;263;Außenpolitik;Sicherheit;;
heizkost;263;Außenpolitik;Umwelt/Natur/Klima;Energie;
kuban;262;Außenpolitik;Außenbeziehung;Land/Region;Kuba
stromkund;262;Außenpolitik;Umwelt/Natur/Klima;Energie;
zuwanderungsgesetz;262;Außenpolitik;Migration;;
erinnerungskultur;262;Innenpolitik;;;
haiti;261;Außenpolitik;Außenbeziehung;Land/Region;Haiti
stahlindustri;261;Innenpolitik;;;
bundesdatenschutzgesetz;261;Innenpolitik;;;
tourismusbranch;261;Innenpolitik;;;
bahnreform;261;Innenpolitik;;;
asylsyst;260;Außenpolitik;Migration;;
windkraftanlag;260;Außenpolitik;Umwelt/Natur/Klima;Energie;
menschenfeind;259;Sonst.;;;
solarenergi;257;Außenpolitik;Umwelt/Natur/Klima;Energie;
dschihadist;257;Außenpolitik;Sicherheit;;
pflegebereich;256;Innenpolitik;;;
leiharbeitnehm;255;Innenpolitik;;;
energiewirtschaftsgesetz;255;Außenpolitik;Umwelt/Natur/Klima;Energie;
arbeitszeitgesetz;255;Innenpolitik;;;
lebenshaltungskost;254;Innenpolitik;;;
kreditwirtschaft;254;Innenpolitik;;;
palliativversorg;254;Innenpolitik;;;
uganda;253;Außenpolitik;Außenbeziehung;Land/Region;Uganda
energieeffizient;252;Außenpolitik;Umwelt/Natur/Klima;Energie;
strahlung;252;Außenpolitik;Umwelt/Natur/Klima;Energie;
kampfhandl;251;Außenpolitik;Sicherheit;;
ankara;250;Außenpolitik;Außenbeziehung;Land/Region;Türkei
agrar-;250;Innenpolitik;;;
maschinenbau;250;Innenpolitik;;;
epidem;250;Innenpolitik;;;
militarisier;250;Außenpolitik;Sicherheit;;
mobilfunk;248;Innenpolitik;;;
atlant;248;Außenpolitik;Außenbeziehung;;
ecuador;247;Außenpolitik;Außenbeziehung;Land/Region;Ecuador
mitmensch;247;Sonst.;;;
nutztierhalt;247;Innenpolitik;Landwirtschaft;;
atomrecht;247;Außenpolitik;Umwelt/Natur/Klima;Energie;
arzneimittelgesetz;247;Innenpolitik;;;
umweltrecht;246;Außenpolitik;Umwelt/Natur/Klima;;
behindertenpolit;246;Sonst.;;;
frauenpolit;246;Sonst.;;;
zwangsprostitution;246;Sonst.;;;
zwangsarbeit;246;Sonst.;;;
waffenschmuggel;245;Außenpolitik;Sicherheit;;
stungsexportpolit;244;Außenpolitik;Sicherheit;;
minijobb;243;Innenpolitik;;;
euratom;242;Außenpolitik;Umwelt/Natur/Klima;Energie;
orban;242;Außenpolitik;Außenbeziehung;Land/Region;Ungarn
emirat;241;Außenpolitik;Außenbeziehung;Land/Region;VAE
schwedisch;241;Außenpolitik;Außenbeziehung;Land/Region;Schweden
einwanderungsland;241;Außenpolitik;Migration;;
ozean;241;Außenpolitik;Umwelt/Natur/Klima;;
jordan;238;Außenpolitik;Außenbeziehung;Land/Region;Jordanien
asylpolit;237;Außenpolitik;Migration;;
isaf-mandat;237;Außenpolitik;Sicherheit;;
lieferkettengesetz;237;Innenpolitik;;;
rentenbeitr;236;Innenpolitik;;;
bologna-prozess;236;Innenpolitik;;;
klimas;235;Außenpolitik;Umwelt/Natur/Klima;;
mitspracherecht;234;Sonst.;;;
mittelmeerraum;234;Außenpolitik;Migration;;
agrarwirtschaft;234;Innenpolitik;;;
baltisch;233;Außenpolitik;Außenbeziehung;Land/Region;Baltische Staaten
radikalisier;233;Sonst.;;;
bundeswaldgesetz;232;Außenpolitik;Umwelt/Natur/Klima;;
energiebedarf;232;Außenpolitik;Umwelt/Natur/Klima;Energie;
breitband;231;Innenpolitik;;;
kriegsgefang;230;Außenpolitik;Sicherheit;;
gesundheitsgef;229;Innenpolitik;;;
lehrerausbild;229;Innenpolitik;;;
irakkrieg;226;Außenpolitik;Sicherheit;Land/Region;
reaktorsi-ch;226;Außenpolitik;Umwelt/Natur/Klima;Energie;
zugewandert;226;Außenpolitik;Migration;;
stromsteu;226;Außenpolitik;Umwelt/Natur/Klima;Energie;
insekt;224;Außenpolitik;Umwelt/Natur/Klima;;
grundrechtseingriff;224;Innenpolitik;;;
parallelgesellschaft;224;Außenpolitik;Migration;;
wirecard;224;Innenpolitik;;;
peru;224;Außenpolitik;Außenbeziehung;Land/Region;Peru
argentini;223;Außenpolitik;Außenbeziehung;Land/Region;Argentinien
analphabet;222;Innenpolitik;;;
teheran;222;Außenpolitik;Außenbeziehung;Land/Region;Iran
kriminalisier;221;Innenpolitik;;;
sed-diktatur;221;Sonst.;;;
gentechnikgesetz;219;Innenpolitik;Landwirtschaft;;
arbeitsmarktreform;218;Innenpolitik;;;
integrationsplan;218;Außenpolitik;Migration;;
kohlendioxid;218;Außenpolitik;Umwelt/Natur/Klima;;
karib;217;Außenpolitik;Außenbeziehung;Land/Region;Karibik
pflegebegriff;217;Innenpolitik;;;
atomstrom;217;Außenpolitik;Umwelt/Natur/Klima;Energie;
massentierhalt;217;Innenpolitik;;;
ehegattennachzug;217;Außenpolitik;Migration;;
modernisierungsumlag;217;Innenpolitik;;;
vergewaltigt;217;Sonst.;;;
einsparpotenzial;217;Innenpolitik;;;
marokkan;216;Außenpolitik;Außenbeziehung;Land/Region;Marokko
zivildienstleist;216;Innenpolitik;;;
familienleist;216;Innenpolitik;;;
lateinamerikan;215;Außenpolitik;Außenbeziehung;Land/Region;Lateinamerika
mutterschutz;215;Innenpolitik;;;
schutzgebiet;215;Außenpolitik;Umwelt/Natur/Klima;;
euro-grupp;215;Außenpolitik;Finanzkrise;;
diskrimini;214;Sonst.;;;
tibet;214;Außenpolitik;Außenbeziehung;Land/Region;Tibet
malta;213;Außenpolitik;Außenbeziehung;Land/Region;Malta
stammzellgesetz;213;Innenpolitik;;;
sparma;213;Innenpolitik;;;
ghana;212;Außenpolitik;Außenbeziehung;Land/Region;Ghana
schusswaff;212;Außenpolitik;Sicherheit;;
epidemi;212;Innenpolitik;;;
parlamentsbeteiligungsgesetz;212;Innenpolitik;;;
polizeikr;212;Innenpolitik;Sicherheit;;
kapitalertragsteu;211;Innenpolitik;;;
klimaschutzabkomm;211;Außenpolitik;Umwelt/Natur/Klima;;
menschengemacht;211;Außenpolitik;Umwelt/Natur/Klima;;
visum;211;Außenpolitik;Migration;;
kairo;210;Außenpolitik;Außenbeziehung;Land/Region;Ägypten
austerit;210;Außenpolitik;Finanzkrise;;
verpackungsverordn;210;Innenpolitik;;;
bundesvertriebenengesetz;210;Innenpolitik;;;
schwangerschaftsabbr;210;Innenpolitik;;;
infektionsgescheh;210;Außenpolitik;Corona;;
assad-regim;209;Außenpolitik;Außenbeziehung;Land/Region;Syrien
dieselfahrzeug;209;Außenpolitik;Umwelt/Natur/Klima;;
waffengesetz;209;Außenpolitik;Sicherheit;;
existenzgrundlag;209;Innenpolitik;;;
bahai;209;Sonst.;;;
atomwaffenfrei;209;Außenpolitik;Sicherheit;;
eurofight;209;Außenpolitik;Sicherheit;;
nichtverbreitungsvertrag;209;Außenpolitik;Sicherheit;;
untersuchungshaft;209;Innenpolitik;;;
sarkozy;209;Außenpolitik;Außenbeziehung;Land/Region;Frankreich
kasachstan;208;Außenpolitik;Außenbeziehung;Land/Region;Kasachstan
terroranschlag;208;Außenpolitik;Sicherheit;;
serb;208;Außenpolitik;Außenbeziehung;Land/Region;Serbien
wissenschaftspolit;208;Innenpolitik;;;
schlachth;208;Innenpolitik;;;
embryo;208;Innenpolitik;;;
stromkost;208;Außenpolitik;Umwelt/Natur/Klima;Energie;
rentensystem;207;Innenpolitik;;;
istanbul-konvention;207;Sonst.;;;
biogasanlag;207;Außenpolitik;Umwelt/Natur/Klima;;
kriegsgebiet;207;Außenpolitik;Sicherheit;;
afghanistan-einsatz;207;Außenpolitik;Sicherheit;;
brasilian;206;Außenpolitik;Außenbeziehung;Land/Region;Brasilien
fotovolta;206;Außenpolitik;Umwelt/Natur/Klima;Energie;
bundes-immissionsschutzgesetz;206;Außenpolitik;Umwelt/Natur/Klima;;
risikogrupp;206;Außenpolitik;Corona;;
binnenfl;206;Außenpolitik;Migration;;
umweltzon;205;Außenpolitik;Umwelt/Natur/Klima;;
hindukusch;205;Außenpolitik;Sicherheit;Land/Region;
hochradioaktiv;205;Außenpolitik;Umwelt/Natur/Klima;;
bagdad;204;Außenpolitik;Außenbeziehung;Land/Region;Irak
homophobi;204;Sonst.;;;
klimaabkomm;204;Außenpolitik;Umwelt/Natur/Klima;;
klimaschutzma;204;Außenpolitik;Umwelt/Natur/Klima;;
waffenruh;202;Außenpolitik;Sicherheit;;
chtlingskind;202;Außenpolitik;Migration;;
pandemiebek;202;Außenpolitik;Corona;;
luftwaff;202;Außenpolitik;Sicherheit;;
gaza;201;Außenpolitik;Außenbeziehung;Land/Region;Palästinensische Gebiete
verbraucherinformation;201;Innenpolitik;;;
ebola;201;Sonst.;;;
taiwan;201;Außenpolitik;Außenbeziehung;Land/Region;Taiwan
asylpaket;200;Außenpolitik;Migration;;
drittstaatsangeh;200;Außenpolitik;Migration;;
bildungsinfrastruktur;199;Innenpolitik;;;
wirtschaftsentwickl;198;Innenpolitik;;;
linksextrem;198;Sonst.;;;
rohingya;198;Außenpolitik;Außenbeziehung;Land/Region;Rohingya
intensivstation;197;Außenpolitik;Corona;;
renteneintritt;197;Innenpolitik;;;
asyl-;197;Außenpolitik;Migration;;
kriminalstatist;197;Innenpolitik;;;
subventionsabbau;196;Innenpolitik;;;
transplantationsgesetz;196;Innenpolitik;;;
heterosexuell;196;Sonst.;;;
eunavfor;195;Außenpolitik;Sicherheit;EU-Angelegenheiten;
eeg-novell;194;Außenpolitik;Umwelt/Natur/Klima;;
analphabetismus;194;Innenpolitik;;;
endlagersuch;194;Außenpolitik;Umwelt/Natur/Klima;Energie;
hotspot;193;Außenpolitik;Migration;;
massenarbeitslos;193;Innenpolitik;;;
demokratief;193;Sonst.;;;
millenniumsentwicklungsziel;192;Sonst.;;;
arzneimittelversorg;191;Innenpolitik;;;
armutsgef;191;Innenpolitik;;;
portugies;190;Außenpolitik;Außenbeziehung;Land/Region;Portugal
seenot;190;Außenpolitik;Migration;;
wasserrahmenrichtlini;189;Innenpolitik;;;
erosion;189;Innenpolitik;Landwirtschaft;;
bioenergi;189;Außenpolitik;Umwelt/Natur/Klima;Energie;
naturnah;188;Außenpolitik;Umwelt/Natur/Klima;;
emissionszertifikat;188;Außenpolitik;Umwelt/Natur/Klima;;
tierversuch;187;Innenpolitik;;;
landwirtschaftspolit;187;Innenpolitik;Landwirtschaft;;
kongoles;186;Außenpolitik;Außenbeziehung;Land/Region;
gaddafi;185;Außenpolitik;Außenbeziehung;Land/Region;Libyen
wohnungsnot;185;Innenpolitik;;;
investitionsschutz;185;Innenpolitik;;;
coronazeit;183;Außenpolitik;Corona;;
temperatur;183;Außenpolitik;Umwelt/Natur/Klima;;
sexualstrafrecht;183;Innenpolitik;;;
energiemarkt;183;Außenpolitik;Umwelt/Natur/Klima;Energie;
neuseeland;180;Außenpolitik;Außenbeziehung;Land/Region;Neuseeland
erasmus;180;Außenpolitik;Außenbeziehung;;
bergleut;180;Innenpolitik;;;
stromkonzern;180;Außenpolitik;Umwelt/Natur/Klima;Energie;
militant;180;Außenpolitik;Sicherheit;;
terrorbek;179;Außenpolitik;Sicherheit;;
solarindustri;178;Innenpolitik;;;
waffenembargo;178;Außenpolitik;Sicherheit;;
sahelzon;178;Außenpolitik;Außenbeziehung;Land/Region;Afrika
slowakei;178;Außenpolitik;Außenbeziehung;Land/Region;Slowakei
honduras;177;Außenpolitik;Außenbeziehung;Land/Region;Honduras
kamerun;177;Außenpolitik;Außenbeziehung;Land/Region;Kamerun
it-sicherheitsgesetz;177;Innenpolitik;;;
windenergieanlag;177;Außenpolitik;Umwelt/Natur/Klima;Energie;
technologietransf;177;Innenpolitik;;;
terrorismusfinanzier;176;Außenpolitik;Sicherheit;;
zivilcourag;176;Sonst.;;;
tschad;176;Außenpolitik;Außenbeziehung;Land/Region;Tschad
uigur;175;Außenpolitik;Außenbeziehung;Land/Region;Uiguren
energiegewinn;174;Außenpolitik;Umwelt/Natur/Klima;Energie;
arbeitslosenversicherungsbeitrag;174;Innenpolitik;;;
integrationsprozess;173;Außenpolitik;Migration;;
kriegsschiff;173;Außenpolitik;Sicherheit;;
israelis;172;Außenpolitik;Außenbeziehung;Land/Region;Israel
informationspolit;172;Innenpolitik;;;
pflegekass;172;Innenpolitik;;;
wohnungseigent;172;Innenpolitik;;;
entfernungspauschal;172;Innenpolitik;;;
rentenversicherungsbeitrag;172;Innenpolitik;;;
berschwemm;172;Außenpolitik;Umwelt/Natur/Klima;;
rentenreform;171;Innenpolitik;;;
singapur;171;Außenpolitik;Außenbeziehung;Land/Region;Singapur
infektionszahl;171;Außenpolitik;Corona;;
atomwaffensperrvertrag;171;Außenpolitik;Sicherheit;;
weltfried;171;Sonst.;Außenbeziehung;;
sloweni;171;Außenpolitik;Außenbeziehung;Land/Region;Slowenien
saudisch;170;Außenpolitik;Außenbeziehung;Land/Region;Saudi-Arabien
rentenversicherungsbericht;170;Innenpolitik;;;
kampfeinsatz;170;Außenpolitik;Sicherheit;;
kinderfreund;169;Sonst.;;;
rettungskr;169;Innenpolitik;;;
kapitalertr;169;Innenpolitik;;;
chtlingsunterk;169;Außenpolitik;Migration;;
fteeinwanderungsgesetz;169;Außenpolitik;Migration;;
nettoneuverschuld;168;Innenpolitik;;;
belaruss;166;Außenpolitik;Außenbeziehung;Land/Region;Belarus
sicherheitsrisiko;166;Außenpolitik;Sicherheit;;
waffenhandel;166;Außenpolitik;Sicherheit;;
baltikum;164;Außenpolitik;Außenbeziehung;Land/Region;Baltische Staaten
boko;164;Außenpolitik;Sicherheit;;
insektenschutz;164;Außenpolitik;Umwelt/Natur/Klima;;
kindertagespfleg;164;Innenpolitik;;;
antidemokrat;163;Sonst.;;;
integrationsgesetz;163;Außenpolitik;Migration;;
bergwerk;163;Innenpolitik;;;
syrien-konflikt;163;Außenpolitik;Außenbeziehung;Land/Region;Syrien
landwirtinn;162;Innenpolitik;Landwirtschaft;;
kinderbonus;162;Innenpolitik;;;
arbeitsmigration;161;Innenpolitik;;;
familienplan;161;Innenpolitik;;;
rebellengrupp;160;Außenpolitik;Sicherheit;;
un-generalsekret;159;Außenpolitik;Außenbeziehung;;
burundi;158;Außenpolitik;Außenbeziehung;Land/Region;Burundi
panama;158;Außenpolitik;Außenbeziehung;Land/Region;Panama
warlord;158;Außenpolitik;Sicherheit;;
agroforstsystem;158;Innenpolitik;;;
artikelgesetz;158;Innenpolitik;;;
transsexuellengesetz;157;Sonst.;;;
sexismus;157;Sonst.;;;
klimakatastroph;157;Außenpolitik;Umwelt/Natur/Klima;;
solaranlag;156;Außenpolitik;Umwelt/Natur/Klima;Energie;
photovoltaikanlag;155;Außenpolitik;Umwelt/Natur/Klima;Energie;
westafrika;155;Außenpolitik;Außenbeziehung;Land/Region;Afrika
chtlingsfrag;154;Außenpolitik;Migration;;
eu-vertrag;154;Außenpolitik;Außenbeziehung;EU-Angelegenheiten;
entwicklungsziel;154;Außenpolitik;Außenbeziehung;;
dkaukasus;153;Außenpolitik;Außenbeziehung;Land/Region;Südkaukasus
finanzmarktstabilisierungsgesetz;153;Außenpolitik;Finanzkrise;;
maastricht;152;Außenpolitik;Außenbeziehung;EU-Angelegenheiten;
burkina;151;Außenpolitik;Außenbeziehung;Land/Region;Burkina Faso
zeitsoldat;151;Außenpolitik;Sicherheit;;
isaf-einsatz;151;Außenpolitik;Sicherheit;;
datenschutzstandard;151;Innenpolitik;;;
armutsgrenz;151;Innenpolitik;;;
klimaschutzinitiativ;151;Außenpolitik;Umwelt/Natur/Klima;;
erstaufnahmeeinricht;151;Außenpolitik;Migration;;
soldatin;150;Außenpolitik;Sicherheit;;
coronama;150;Außenpolitik;Corona;;
artensterb;150;Außenpolitik;Umwelt/Natur/Klima;;
atomabkomm;150;Außenpolitik;Umwelt/Natur/Klima;Energie;
luftqualit;150;Außenpolitik;Umwelt/Natur/Klima;;
euro-staat;149;Außenpolitik;Finanzkrise;;
chtlingsschutz;149;Außenpolitik;Migration;;
umweltzerst;149;Außenpolitik;Umwelt/Natur/Klima;;
-grad-ziel;147;Außenpolitik;Umwelt/Natur/Klima;;
senegal;147;Außenpolitik;Außenbeziehung;Land/Region;Senegal
agrarsubvention;147;Innenpolitik;;;
antieurop;147;Sonst.;;;
fischereipolit;144;Innenpolitik;Landwirtschaft;;
wirtschaftsbezieh;144;Innenpolitik;;;
abfallwirtschaft;144;Außenpolitik;Umwelt/Natur/Klima;;
meeresschutz;144;Außenpolitik;Umwelt/Natur/Klima;;
lebenspartnerschaftsgesetz;144;Innenpolitik;;;
eurozon;143;Außenpolitik;Finanzkrise;;
zuwanderungsrecht;143;Außenpolitik;Migration;;
chtlingszahl;142;Außenpolitik;Migration;;
transplantation;142;Innenpolitik;;;
bahnverkehr;142;Innenpolitik;;;
tansania;142;Außenpolitik;Außenbeziehung;Land/Region;Tansania
windpark;141;Außenpolitik;Umwelt/Natur/Klima;Energie;
plastik;141;Außenpolitik;Umwelt/Natur/Klima;;
ressourcenschutz;140;Außenpolitik;Umwelt/Natur/Klima;;
transgend;139;Sonst.;;;
klimaschutzprogramm;138;Außenpolitik;Umwelt/Natur/Klima;;
chtlingshilf;138;Außenpolitik;Migration;;
milchquot;136;Innenpolitik;Landwirtschaft;;
exportwirtschaft;136;Innenpolitik;;;
alban;135;Außenpolitik;Außenbeziehung;Land/Region;Albanien
europa-;135;Außenpolitik;Außenbeziehung;EU-Angelegenheiten;
pegida;135;Sonst.;;;
digitalisi;135;Innenpolitik;;;
mexikan;134;Außenpolitik;Außenbeziehung;Land/Region;Mexiko
asylbewerberinn;134;Außenpolitik;Migration;;
generationenvertrag;133;Innenpolitik;;;
kampftrupp;132;Außenpolitik;Sicherheit;;
genmais;132;Innenpolitik;Landwirtschaft;;
umweltbelast;132;Außenpolitik;Umwelt/Natur/Klima;;
mieterstrom;131;Innenpolitik;;;
diskriminierungsverbot;131;Sonst.;;;
afghaninn;130;Außenpolitik;Außenbeziehung;Land/Region;Afghanistan
mogadischu;130;Außenpolitik;Außenbeziehung;Land/Region;Somalia
naturschutzrecht;130;Außenpolitik;Umwelt/Natur/Klima;;
antarktis;130;Außenpolitik;Umwelt/Natur/Klima;;
nordirland;129;Außenpolitik;Außenbeziehung;Land/Region;Nordirland
subsahara-afrika;128;Außenpolitik;Außenbeziehung;Land/Region;Afrika
weidetierhalt;128;Innenpolitik;Landwirtschaft;;
wasserstoffstrategi;128;Außenpolitik;Umwelt/Natur/Klima;Energie;
gastarbeit;128;Innenpolitik;;;
agrarindustri;127;Innenpolitik;;;
babyklapp;127;Innenpolitik;;;
stromleit;127;Außenpolitik;Umwelt/Natur/Klima;Energie;
mobiltelefon;127;Innenpolitik;;;
nordafrikan;125;Außenpolitik;Außenbeziehung;Land/Region;Afrika
unifil-mandat;125;Außenpolitik;Sicherheit;;
mieterschutz;125;Innenpolitik;;;
gammelfleisch;124;Innenpolitik;;;
demokratiebeweg;124;Sonst.;;;
atomwaffenverbotsvertrag;124;Außenpolitik;Sicherheit;;
waldstrategi;124;Außenpolitik;Umwelt/Natur/Klima;;
umweltgerecht;124;Außenpolitik;Umwelt/Natur/Klima;;
migrationspakt;123;Außenpolitik;Migration;;
terrormiliz;123;Außenpolitik;Sicherheit;;
solar;123;Außenpolitik;Umwelt/Natur/Klima;Energie;
saisonarbeit;123;Innenpolitik;;;
umweltschon;123;Außenpolitik;Umwelt/Natur/Klima;;
behindertenrechtskonvention;122;Sonst.;;;
entwicklungsarbeit;122;Außenpolitik;Außenbeziehung;;
investitionsschutzabkomm;122;Außenpolitik;Außenbeziehung;;
kindersterb;122;Sonst.;;;
pflegestuf;122;Innenpolitik;;;
stickstoff;122;Innenpolitik;Landwirtschaft;;
integrationsma;122;Außenpolitik;Migration;;
uranmunition;122;Außenpolitik;Sicherheit;;
kolumbian;121;Außenpolitik;Außenbeziehung;Land/Region;Kolumbien
konjunkturpolit;121;Innenpolitik;;;
coronabedingt;121;Außenpolitik;Corona;;
solarbranch;121;Innenpolitik;;;
freihandelszon;121;Außenpolitik;Außenbeziehung;;
euro-rett;120;Außenpolitik;Finanzkrise;;
stromtrass;120;Außenpolitik;Umwelt/Natur/Klima;Energie;
cybersich;120;Außenpolitik;Sicherheit;;
castortransport;119;Außenpolitik;Umwelt/Natur/Klima;Energie;
dioxin;119;Innenpolitik;;;
finanzmarktstabilisier;119;Außenpolitik;Finanzkrise;;
monokultur;119;Innenpolitik;Landwirtschaft;;
waffenregist;119;Außenpolitik;Sicherheit;;
jugendarbeitsschutzgesetz;119;Innenpolitik;;;
rechtsterrorismus;119;Sonst.;;;
wasserkraft;118;Außenpolitik;Umwelt/Natur/Klima;Energie;
unterhaltsvorschussgesetz;118;Innenpolitik;;;
atomindustri;118;Außenpolitik;Umwelt/Natur/Klima;Energie;
ampelkennzeichn;118;Innenpolitik;;;
konfliktregion;118;Außenpolitik;Sicherheit;;
ver-braucherschutz;118;Innenpolitik;;;
emissionsrecht;118;Außenpolitik;Umwelt/Natur/Klima;;
idlib;117;Außenpolitik;Außenbeziehung;Land/Region;Syrien
tiertransport;117;Innenpolitik;Landwirtschaft;;
is-terror;117;Außenpolitik;Sicherheit;;
staatsbankrott;117;Außenpolitik;Finanzkrise;;
qualifizierungschancengesetz;117;Innenpolitik;;;
kanadi;116;Außenpolitik;Außenbeziehung;Land/Region;Kanada
integrations-;116;Außenpolitik;Migration;;
familiensplitting;116;Innenpolitik;;;
cyberangriff;116;Innenpolitik;Sicherheit;;
weiterbildungsangebot;116;Innenpolitik;;;
terrorgefahr;116;Außenpolitik;Sicherheit;;
nuklearprogramm;116;Außenpolitik;Sicherheit;;
klimaschon;116;Außenpolitik;Umwelt/Natur/Klima;;
betreuungseinricht;116;Innenpolitik;;;
maghreb-staat;115;Außenpolitik;Außenbeziehung;Land/Region;Arabische Welt
natur-schutz;115;Außenpolitik;Umwelt/Natur/Klima;;
kindereh;115;Sonst.;;;
weinbau;115;Innenpolitik;Landwirtschaft;;
zertifikatehandel;115;Außenpolitik;Umwelt/Natur/Klima;;
autoherstell;115;Innenpolitik;;;
energieausweis;115;Außenpolitik;Umwelt/Natur/Klima;Energie;
staatsausgab;115;Innenpolitik;;;
katastrophenhilf;115;Innenpolitik;Außenbeziehung;;
studienberechtigt;115;Innenpolitik;;;
us-administration;115;Außenpolitik;Außenbeziehung;Land/Region;USA
exportsubvention;114;Innenpolitik;;;
waldfl;114;Außenpolitik;Umwelt/Natur/Klima;;
schengen-raum;114;Außenpolitik;Außenbeziehung;EU-Angelegenheiten;
lkerungsentwickl;114;Innenpolitik;;;
milchpreis;114;Innenpolitik;Landwirtschaft;;
tsunami;114;Außenpolitik;Umwelt/Natur/Klima;;
sicherheitssektor;114;Innenpolitik;;;
bildungsarmut;114;Innenpolitik;;;
wettbewerbspolit;114;Innenpolitik;;;
luftverkehrsgesetz;114;Innenpolitik;;;
integrationsleist;114;Außenpolitik;Migration;;
atom;114;Außenpolitik;Umwelt/Natur/Klima;Energie;
hartz-iv-leist;113;Innenpolitik;;;
gesundheitsdat;113;Innenpolitik;;;
tourismusstrategi;113;Innenpolitik;;;
umweltauswirk;113;Außenpolitik;Umwelt/Natur/Klima;;
schiit;113;Sonst.;;;
seeverkehr;113;Innenpolitik;;;
lobbyarbeit;113;Innenpolitik;;;
plastikt;113;Außenpolitik;Umwelt/Natur/Klima;;
wasserhaushaltsgesetz;113;Innenpolitik;;;
lebensmittelproduktion;113;Innenpolitik;;;
erbschaftsteuerreform;113;Innenpolitik;;;
mosul;112;Außenpolitik;Außenbeziehung;Land/Region;Irak
mindestlohnregel;112;Innenpolitik;;;
informationstechnologi;112;Innenpolitik;;;
rechtsterrorist;112;Sonst.;;;
euro-rettungsschirm;112;Außenpolitik;Finanzkrise;;
umwelttechnologi;112;Außenpolitik;Umwelt/Natur/Klima;;
wasserwirtschaft;112;Innenpolitik;;;
camp;112;Außenpolitik;Migration;;
multiresistent;112;Innenpolitik;;;
dafrikan;111;Außenpolitik;Außenbeziehung;Land/Region;Südafrika
kurdinn;111;Außenpolitik;Außenbeziehung;Land/Region;Kurden
nordamerika;111;Außenpolitik;Außenbeziehung;Land/Region;Amerika
tarifpolit;111;Innenpolitik;;;
arbeitsmarktsituation;111;Innenpolitik;;;
demokratiedefizit;111;Sonst.;;;
rentenpunkt;111;Innenpolitik;;;
studierendenzahl;111;Innenpolitik;;;
seerecht;111;Innenpolitik;;;
kohleausstiegsgesetz;111;Außenpolitik;Umwelt/Natur/Klima;Energie;
lobbyinteress;111;Innenpolitik;;;
niedriglohn;111;Innenpolitik;;;
waffengewalt;111;Außenpolitik;Sicherheit;;
osteuropas;110;Außenpolitik;Außenbeziehung;Land/Region;Osteuropa
klimagerecht;110;Außenpolitik;Umwelt/Natur/Klima;;
biontech;110;Außenpolitik;Corona;;
effizienzgewinn;110;Außenpolitik;Umwelt/Natur/Klima;;
ccs-technologi;110;Außenpolitik;Umwelt/Natur/Klima;;
nutzfl;110;Innenpolitik;Landwirtschaft;;
fluchtbeweg;110;Außenpolitik;Migration;;
weltwirtschaftskris;110;Außenpolitik;Finanzkrise;;
uruguay;110;Außenpolitik;Außenbeziehung;Land/Region;Uruguay
ki-moon;109;Außenpolitik;Außenbeziehung;;
sanktionsmechanism;109;Außenpolitik;Außenbeziehung;;
wlan-netz;109;Innenpolitik;;;
rentenversicherungstr;109;Innenpolitik;;;
integrationsf;109;Außenpolitik;Migration;;
arbeitslosengeld-ii-empf;109;Innenpolitik;;;
bodenschutz;109;Außenpolitik;Umwelt/Natur/Klima;;
erneuerbare-energien-w;109;Außenpolitik;Umwelt/Natur/Klima;Energie;
nordsyri;108;Außenpolitik;Außenbeziehung;Land/Region;Syrien
nordsyri;108;Außenpolitik;Außenbeziehung;Land/Region;Syrien
weltklima;108;Außenpolitik;Umwelt/Natur/Klima;;
eizell;108;Innenpolitik;;;
hartz-iv-bezug;108;Innenpolitik;;;
energiesteu;108;Außenpolitik;Umwelt/Natur/Klima;Energie;
energieunternehm;108;Außenpolitik;Umwelt/Natur/Klima;Energie;
emittiert;108;Außenpolitik;Umwelt/Natur/Klima;;
rentenleist;108;Innenpolitik;;;
steuerschuld;108;Innenpolitik;;;
nato-mitglied;108;Außenpolitik;Sicherheit;;
regenbogenfamili;108;Sonst.;;;
havari;108;Außenpolitik;Umwelt/Natur/Klima;Energie;
khartoum;107;Außenpolitik;Außenbeziehung;Land/Region;Sudan
thailand;107;Außenpolitik;Außenbeziehung;Land/Region;Thailand
sserschutz;107;Außenpolitik;Umwelt/Natur/Klima;;
lebensmittelskandal;107;Innenpolitik;;;
diskriminierungsschutz;107;Sonst.;;;
schiitisch;107;Sonst.;;;
stromsektor;107;Außenpolitik;Umwelt/Natur/Klima;Energie;
damaskus;106;Außenpolitik;Außenbeziehung;Land/Region;Syrien
klimaneutralit;106;Außenpolitik;Umwelt/Natur/Klima;;
sozialbeitr;106;Innenpolitik;;;
sicherheitsgr;106;Außenpolitik;Sicherheit;;
salafist;106;Außenpolitik;Sicherheit;;
energiesyst;106;Außenpolitik;Umwelt/Natur/Klima;Energie;
korean;105;Außenpolitik;Außenbeziehung;Land/Region;Südkorea
marrakesch;105;Außenpolitik;Außenbeziehung;Land/Region;Marokko
lkerungsschutzgesetz;105;Außenpolitik;Corona;;
abstandsregel;105;Außenpolitik;Corona;;
ceta-abkomm;105;Innenpolitik;;;
menschenrechtsstandard;105;Sonst.;;;
investitionsanreiz;105;Innenpolitik;;;
kreditlini;105;Außenpolitik;Finanzkrise;;
bologna;105;Innenpolitik;;;
hartz-iv-regel;105;Innenpolitik;;;
bologna-reform;105;Innenpolitik;;;
malaysia;104;Außenpolitik;Außenbeziehung;Land/Region;Malaysia
masar-i-scharif;104;Außenpolitik;Außenbeziehung;Land/Region;Afghanistan
nordmazedoni;104;Außenpolitik;Außenbeziehung;Land/Region;Nordmazedonien
oslo;104;Außenpolitik;Außenbeziehung;Land/Region;Norwegen
stockholm;104;Außenpolitik;Außenbeziehung;Land/Region;Schweden
naturschutzgebiet;104;Außenpolitik;Umwelt/Natur/Klima;;
ki-strategi;104;Innenpolitik;;;
pflegefall;104;Innenpolitik;;;
pflegekraft;104;Innenpolitik;;;
endverbrauch;104;Innenpolitik;;;
stungsspiral;104;Außenpolitik;Sicherheit;;
arbeitsmarktzugang;104;Innenpolitik;;;
embryos;104;Innenpolitik;;;
elektro-;103;Innenpolitik;;Umwelt/Natur/Klima;
klimaprogramm;103;Außenpolitik;Umwelt/Natur/Klima;;
emissionsfrei;103;Außenpolitik;Umwelt/Natur/Klima;;
rohstoffversorg;103;Außenpolitik;Umwelt/Natur/Klima;;
haushaltsdefizit;103;Innenpolitik;;;
doha;103;Außenpolitik;Umwelt/Natur/Klima;Land/Region;
migrationsdruck;101;Außenpolitik;Migration;;
verbraucherschutzpolit;101;Innenpolitik;;;
recyclingquot;101;Außenpolitik;Umwelt/Natur/Klima;;
antibiotikaresistenz;101;Innenpolitik;;;
impfdos;101;Außenpolitik;Corona;;
meeresumwelt;101;Außenpolitik;Umwelt/Natur/Klima;;
kitaqualit;101;Innenpolitik;;;
embryonenschutzgesetz;101;Innenpolitik;;;
energieau;101;Außenpolitik;Umwelt/Natur/Klima;Energie;
versicherungsaufsichtsgesetz;101;Innenpolitik;;;
diversit;101;Sonst.;Umwelt/Natur/Klima;;
weiterbildungsstrategi;101;Innenpolitik;;;
demokratisierungsprozess;101;Sonst.;;;
nordatlantikvertrag;100;Außenpolitik;Sicherheit;;
klimavertr;100;Außenpolitik;Umwelt/Natur/Klima;;
energiesparlamp;100;Außenpolitik;Umwelt/Natur/Klima;Energie;
handicap;100;Sonst.;;;
streubomb;100;Außenpolitik;Sicherheit;;
medizintechn;100;Innenpolitik;;;
pflegefachkr;100;Innenpolitik;;;
klimafinanzier;100;Außenpolitik;Umwelt/Natur/Klima;;