Chart,Label,Suchwort
Klima,Klimawandel,klimawandel
Klima,Klimawandel,klimakrise
Klima,Klimawandel,klimakatastrophe
Klima,Klimawandel,antarktis
Klima,Klimawandel,artensterb
Klima,Klimawandel,umweltzerst
Klima,Klimawandel,temperatur
Klima,Klimawandel,klimaschädlich
Klima,Klimaschutz,klimaschutz
Klima,Klimaschutz,klimaneutral
Klima,Klimaschutz,ccs-technologi
Klima,Klimaschutz,-grad-ziel
Klima,Klimaschutz,klimafreundlich
Klima,Klimaschutz,klimaziel
Klima,Klimaschutz,klimaprogramm
Klima,Klimaschutz,klimaneutral
Klima,Umweltschutz,umweltschutz
Klima,Umweltschutz,klimakonferenz
Klima,Umweltschutz,klimafond
Klima,Umweltschutz,klimaabkomm
Klima,Umweltschutz,naturschutz
Klima,Umweltschutz,meeresschutz
Klima,Umweltschutz,gewässerschutz
Klima,Umweltschutz,bodenschutz
Klima,Umweltschutz,waldstrategi
Klima,Umweltschutz,bundeswaldgesetz
Klima,Umweltschutz,artenschutz
Klima,Umweltschutz,artenvielfalt
Klima,Umweltschutz,ökologie
Klima,Umweltschutz,biodiversität
Klima,Nachhaltigkeit,nachhaltig
Klima,Nachhaltigkeit,recycl
Klima,Nachhaltigkeit,plastiktüte
Klima,CO2-Emissionen,zertifikatehandel
Klima,CO2-Emissionen,emissionsrecht
Klima,CO2-Emissionen,luftqualit
Klima,CO2-Emissionen,kohlendioxid
Klima,CO2-Emissionen,treibhausgas
Klima,CO2-Emissionen,biokraftstoff
Klima,CO2-Emissionen,emissionshandel
Klima,CO2-Emissionen,co2-emissionen
Klima,Atomenergie,endlager
Klima,Atomenergie,nuklearenergie
Klima,Atomenergie,kernkraftwerk
Klima,Atomenergie,kernenergie
Klima,Atomenergie,atomkraft
Klima,Atomenergie,radioaktiv
Klima,Atomenergie,castortransport
Klima,Atomenergie,atomar
Klima,Atomenergie,reaktor
Klima,Atomenergie,atomstrom
Klima,Fossile Energie,kohleenergie
Klima,Fossile Energie,braunkohle
Klima,Fossile Energie,steinkohle
Klima,Fossile Energie,erdgas
Klima,Fossile Energie,fracking
Klima,Fossile Energie,kohlekraftwerk
Klima,Fossile Energie,fossile energie
Klima,Fossile Energie,steinkohle
Klima,Energiewende,energiewende
Klima,Energiewende,eeg
Klima,Energiewende,energieeffizienz
Klima,Energiewende,erneuerbare-energien-gesetz
Klima,Energiewende,kohleausstieg
Klima,Energiewende,wasserstoff
Klima,Energiewende,energieverbrauch
Klima,Energiewende,energiemix
Klima,Energiewende,wasserstoffstrategi
Klima,Energiewende,energieausweis
Klima,Energiewende,energiesparlamp
Klima,Grüne Energie,erneuerbare energie
Klima,Grüne Energie,solarenergie
Klima,Grüne Energie,windenergie
Klima,Grüne Energie,fotovoltaik
Klima,Grüne Energie,photovoltaik
Klima,Grüne Energie,windkraft
Klima,Grüne Energie,windkraftanlag
Klima,Grüne Energie,bioenerg
Klima,Grüne Energie,solaranlag
Klima,Grüne Energie,wasserkraft
Klima, Katastrophenschutz,überschwemmung
Klima, Katastrophenschutz,hochwasser
Klima, Katastrophenschutz,erdbeben
Klima, Katastrophenschutz,naturkatastrophe
Klima, Katastrophenschutz,katastrophenschutz
Corona,Corona,corona
Corona,Corona,covid
Corona,Impfen,impf
Corona,Impfen,biontech
Corona,Impfen,astra
Corona,Infektionsgeschehen,infektion
Corona,Pandemiebekämpfung,abstandsregel
Corona,Pandemiebekämpfung,lockdown
Corona,Pandemiebekämpfung,bevölkerungsschutzgesetz
Corona,Pandemiebekämpfung,pandemiebekämpfung
Corona,Pandemiebekämpfung,risikogruppen
Corona,Virus,virus
Corona,Pandemie,pandemie
Finanzkrise,Eurozone,euro-gruppe
Finanzkrise,Eurozone,euro-staat
Finanzkrise,Eurozone,euro-zone
Finanzkrise,Eurozone,eurozone
Finanzkrise,Eurozone,troika
Finanzkrise,Eurozone,währungsunion
Finanzkrise,Finanzhilfen,finanzhilfen
Finanzkrise,Finanzhilfen,rettungsschirm
Finanzkrise,Finanzhilfen,euro-rettung
Finanzkrise,Finanzhilfen,rettungspaket
Finanzkrise,Finanzhilfen,kreditlinie
Finanzkrise,Finanzhilfen,eurobonds
Finanzkrise,Finanzkrise,weltwirtschaftskrise
Finanzkrise,Finanzkrise,euro-krise
Finanzkrise,Finanzkrise,finanzkrise
Finanzkrise,Finanzkrise,finanzmarktkrise
Finanzkrise,Finanzkrise,staatsbankrott
Finanzkrise,Finanzkrise,finanzmarktregulierung
Finanzkrise,Finanzkrise,finanzmarktstabilisierung
Finanzkrise,austerit,austerit
Migration,Flüchtlinge & Asylbewerber,asyl
Migration,Flüchtlinge & Asylbewerber,flüchtling
Migration,Flüchtlinge & Asylbewerber,schutzsuch
Migration,Flüchtlinge & Asylbewerber,flucht
Migration,Flüchtlinge & Asylbewerber,migrant
Migration,Flüchtlinge & Asylbewerber,erstaufnahmeeinricht
Migration,Flüchtlinge & Asylbewerber,migrationsdruck
Migration,Zuwanderung,bleiberecht
Migration,Zuwanderung,duldung
Migration,Zuwanderung,aufenthaltstitel
Migration,Zuwanderung,visum
Migration,Zuwanderung,fteeinwanderungsgesetz
Migration,Integration,familiennachzug
Migration,Integration,ehegattennachzug
Migration,Integration,integrat
Migration,Integration,parallelgesellschaft
Migration,Integration,migrationshintergrund
Migration,Seenotrettung,seenot
Migration,Seenotrettung,mittelmeer
Migration,Seenotrettung,pushbacks
Migration,Migrationspolitik,migrationspakt
Migration,Migrationspolitik,hotspots
Migration,Migrationspolitik,migrationspolitik
Migration,Migrationspolitik,obergrenze
Migration,Migrationspolitik,herkunftsland
Migration,Migrationspolitik,herkunftsstaat
Migration,Migrationspolitik,drittstaat
Migration,Migrationspolitik,einwanderungsland
Außenbeziehung,Bundeswehr-Einsatz,soldat
Außenbeziehung,Bundeswehr-Einsatz,bundeswehreinsatz
Außenbeziehung,Bundeswehr-Einsatz,bundeswehr-einsatz
Außenbeziehung,Bundeswehr-Einsatz,atalanta
Außenbeziehung,Bundeswehr-Einsatz,enduring freedom
Außenbeziehung,Bundeswehr-Einsatz,eunavfor
Außenbeziehung,Bundeswehr-Einsatz,isaf
Außenbeziehung,Bundeswehr-Einsatz,kampfeinsatz
Außenbeziehung,Bundeswehr-Einsatz,kampfhandl
Außenbeziehung,Bundeswehr-Einsatz,kampftrupp
Außenbeziehung,Bundeswehr-Einsatz,kfor
Außenbeziehung,Bundeswehr-Einsatz,luftwaff
Außenbeziehung,Bundeswehr-Einsatz,mandatsverl
Außenbeziehung,Bundeswehr-Einsatz,milit
Außenbeziehung,Bundeswehr-Einsatz,nato
Außenbeziehung,Bundeswehr-Einsatz,streitkr
Außenbeziehung,Waffen & Rüstungsexporte,waffen
Außenbeziehung,Waffen & Rüstungsexporte,munition
Außenbeziehung,Waffen & Rüstungsexporte,streubomben
Außenbeziehung,Waffen & Rüstungsexporte,rüstung
Außenbeziehung,Terrorismus,al-qaida
Außenbeziehung,Terrorismus,boko haram
Außenbeziehung,Terrorismus,dschihadist
Außenbeziehung,Terrorismus,hamas
Außenbeziehung,Terrorismus,hisbollah
Außenbeziehung,Terrorismus,is-terror
Außenbeziehung,Terrorismus,isis
Außenbeziehung,Terrorismus,taliban
Außenbeziehung,Terrorismus,terror
Außenbeziehung,Atomwaffen,nichtverbreitungsvertrag
Außenbeziehung,Atomwaffen,nuklearprogramm
Außenbeziehung,Atomwaffen,nuklearwaff
Außenbeziehung,Atomwaffen,uranmunition
Außenbeziehung,Atomwaffen,atomwaffen
Außenbeziehung,EU,eu-
Außenbeziehung,EU,schengenraum
Außenbeziehung,EU,maastricht
Außenbeziehung,EU,lissabon-vertrag
Außenbeziehung,EU,mitgliedstaat
Außenbeziehung,EU,europas
Außenbeziehung,EU,europarat
Außenbeziehung,EU,europapolit
Außenbeziehung,EU,europaparlament
Außenbeziehung,Brexit,brexit
Außenbeziehung,Handelsabkommen,handelsabkommen
Außenbeziehung,Handelsabkommen,ttip
Außenbeziehung,Afghanistan,afghan
Außenbeziehung,Afghanistan,kabul
Außenbeziehung,Afghanistan,kunduz
Außenbeziehung,Afghanistan,masar-i-scharif
Außenbeziehung,Russland,moskau
Außenbeziehung,Russland,putin
Außenbeziehung,Russland,russen
Außenbeziehung,Russland,russisch
Außenbeziehung,Russland,russland
Außenbeziehung,Russland,russin
Außenbeziehung,Türkei,ankara
Außenbeziehung,Türkei,erdogan
Außenbeziehung,Türkei,istanbul
Außenbeziehung,Türkei,türk
Außenbeziehung,Syrien,syri
Außenbeziehung,Syrien,syrer
Außenbeziehung,Syrien,assad
Außenbeziehung,Syrien,damaskus
Außenbeziehung,Syrien,idlib
Außenbeziehung,China,china
Außenbeziehung,China,chines